"Catalogue ID","Churchwell ID","l","b","Mean Radius (arcmin)","Hit Rate","Hierarchy Flag"
MWP1G331470-001400S,,331.47,-0.14,0.37,0.54,
MWP1G018180001100S,,018.18,+0.11,0.34,0.50,
MWP1G017690-000900S,,017.69,-0.09,0.42,0.49,
MWP1G336010-003700S,,336.01,-0.37,0.37,0.45,
MWP1G012200-001600S,,012.20,-0.16,0.38,0.42,
MWP1G013780004900S,,013.78,+0.49,0.42,0.42,2
MWP1G024920000800S,,024.92,+0.08,0.47,0.42,
MWP1G338870000200S,,338.87,+0.02,0.45,0.42,
MWP1G011020-003700S,,011.02,-0.37,0.41,0.41,
MWP1G345510001600S,,345.51,+0.16,0.40,0.41,2
MWP1G039430-001900S,,039.43,-0.19,0.41,0.40,
MWP1G339770000100S,,339.77,+0.01,0.43,0.40,2
MWP1G346040000500S,,346.04,+0.05,0.34,0.40,
MWP1G331400-001800S,,331.40,-0.18,0.44,0.39,2
MWP1G004060-000100S,,004.06,-0.01,0.38,0.38,
MWP1G008910001700S,,008.91,+0.17,0.38,0.38,2
MWP1G012810-003100S,,012.81,-0.31,0.44,0.38,2
MWP1G052980-006200S,,052.98,-0.62,0.43,0.38,2
MWP1G339780000200S,,339.78,+0.02,0.34,0.38,2
MWP1G343290001600S,,343.29,+0.16,0.37,0.38,2
MWP1G357970-001700S,,357.97,-0.17,0.37,0.38,2
MWP1G010990-003700S,,010.99,-0.37,0.45,0.37,
MWP1G018850-004800S,N24,018.85,-0.48,0.41,0.37,2
MWP1G049570-002700S,,049.57,-0.27,0.44,0.37,2
MWP1G301760002600S,,301.76,+0.26,0.41,0.37,
MWP1G331140001100S,,331.14,+0.11,0.34,0.37,
MWP1G334350-006600S,,334.35,-0.66,0.34,0.37,
MWP1G352760-003500S,,352.76,-0.35,0.39,0.37,
MWP1G307500-008200S,,307.50,-0.82,0.49,0.36,2
MWP1G332670-003300S,,332.67,-0.33,0.38,0.36,
MWP1G339240000100S,,339.24,+0.01,0.47,0.36,2
MWP1G005100000000S,,005.10,+0.00,0.49,0.35,
MWP1G014210-001100S,,014.21,-0.11,0.41,0.35,
MWP1G032400-003300S,,032.40,-0.33,0.40,0.35,
MWP1G035720-009300S,,035.72,-0.93,0.42,0.35,
MWP1G335940-002900S,,335.94,-0.29,0.46,0.35,2
MWP1G339700003000S,,339.70,+0.30,0.37,0.35,
MWP1G002170000100S,,002.17,+0.01,0.39,0.34,
MWP1G005630-002900S,,005.63,-0.29,0.42,0.34,
MWP1G009970-002100S,,009.97,-0.21,0.41,0.34,
MWP1G018170003400S,,018.17,+0.34,0.46,0.34,2
MWP1G025820-001900S,,025.82,-0.19,0.36,0.34,
MWP1G027610000300S,,027.61,+0.03,0.45,0.34,2
MWP1G046140-001400S,,046.14,-0.14,0.39,0.34,
MWP1G297720-007000S,,297.72,-0.70,0.46,0.34,
MWP1G311630-002600S,,311.63,-0.26,0.34,0.34,
MWP1G335470002000S,,335.47,+0.20,0.38,0.34,
MWP1G342900-000900S,,342.90,-0.09,0.50,0.34,
MWP1G345480-002200S,,345.48,-0.22,0.36,0.34,
MWP1G358890000800S,,358.89,+0.08,0.34,0.34,
MWP1G010500000300S,,010.50,+0.03,0.43,0.33,
MWP1G016420-003700S,,016.42,-0.37,0.46,0.33,2
MWP1G030390004900S,,030.39,+0.49,0.44,0.33,
MWP1G038910-001500S,,038.91,-0.15,0.37,0.33,2
MWP1G039270003500S,,039.27,+0.35,0.40,0.33,
MWP1G026720001700S,,026.72,+0.17,0.38,0.32,
MWP1G313740-005000S,,313.74,-0.50,0.39,0.32,
MWP1G318920-004500S,,318.92,-0.45,0.40,0.32,2
MWP1G342800-006900S,,342.80,-0.69,0.37,0.32,
MWP1G006040003200S,,006.04,+0.32,0.43,0.31,
MWP1G009480-002300S,,009.48,-0.23,0.42,0.31,
MWP1G010470000200S,,010.47,+0.02,0.35,0.31,2
MWP1G011270-000500S,,011.27,-0.05,0.33,0.31,
MWP1G027090005100S,,027.09,+0.51,0.41,0.31,
MWP1G033990-000100S,,033.99,-0.01,0.38,0.31,
MWP1G307330002800S,,307.33,+0.28,0.42,0.31,
MWP1G311490004200S,,311.49,+0.42,0.39,0.31,2
MWP1G317800-007700S,,317.80,-0.77,0.54,0.31,2
MWP1G336010-003600S,,336.01,-0.36,0.38,0.31,
MWP1G340580003500S,,340.58,+0.35,0.40,0.31,2
MWP1G344780-002200S,,344.78,-0.22,0.44,0.31,
MWP1G350400-000600S,,350.40,-0.06,0.50,0.31,2
MWP1G357150-001000S,,357.15,-0.10,0.34,0.31,
MWP1G012470001000S,,012.47,+0.10,0.32,0.30,
MWP1G012800-003300S,,012.80,-0.33,0.43,0.30,2
MWP1G014990-001200S,,014.99,-0.12,0.38,0.30,
MWP1G020700-002800S,,020.70,-0.28,0.38,0.30,
MWP1G028030-000600S,,028.03,-0.06,0.45,0.30,2
MWP1G331940-002400S,,331.94,-0.24,0.40,0.30,
MWP1G335400000400S,,335.40,+0.04,0.47,0.30,2
MWP1G338590-000100S,,338.59,-0.01,0.49,0.30,2
MWP1G341270000700S,,341.27,+0.07,0.37,0.30,
MWP1G018300-008500S,,018.30,-0.85,0.34,0.29,
MWP1G018320-008400S,,018.32,-0.84,0.34,0.29,
MWP1G024200002400S,,024.20,+0.24,0.38,0.29,
MWP1G029910-003300S,,029.91,-0.33,0.32,0.29,
MWP1G039510-002800S,,039.51,-0.28,0.45,0.29,
MWP1G050270-004400S,,050.27,-0.44,0.47,0.29,2
MWP1G307770005500S,,307.77,+0.55,0.40,0.29,
MWP1G312310006700S,,312.31,+0.67,0.46,0.29,
MWP1G321630000000S,,321.63,+0.00,0.42,0.29,
MWP1G325060-001900S,,325.06,-0.19,0.37,0.29,
MWP1G329520000900S,,329.52,+0.09,0.43,0.29,
MWP1G331150001200S,,331.15,+0.12,0.35,0.29,2
MWP1G336220001500S,,336.22,+0.15,0.46,0.29,2
MWP1G339210000900S,,339.21,+0.09,0.42,0.29,
MWP1G349300000900S,,349.30,+0.09,0.33,0.29,
MWP1G358080-001600S,,358.08,-0.16,0.45,0.29,2
MWP1G004610001800S,,004.61,+0.18,0.34,0.28,
MWP1G006610-000800S,,006.61,-0.08,0.50,0.28,
MWP1G011690-002300S,,011.69,-0.23,0.39,0.28,
MWP1G013580-002300S,,013.58,-0.23,0.47,0.28,2
MWP1G018720-002300S,N24,018.72,-0.23,0.40,0.28,2
MWP1G023300-002800S,,023.30,-0.28,0.55,0.28,
MWP1G026190-001800S,,026.19,-0.18,0.38,0.28,
MWP1G029120000900S,,029.12,+0.09,0.44,0.28,
MWP1G029590-006600S,,029.59,-0.66,0.40,0.28,2
MWP1G032990000400S,,032.99,+0.04,0.49,0.28,
MWP1G034270-002100S,N63,034.27,-0.21,0.47,0.28,2
MWP1G034740-001000S,N63,034.74,-0.10,0.39,0.28,
MWP1G329270000500S,,329.27,+0.05,0.48,0.28,2
MWP1G339070-001900S,,339.07,-0.19,0.43,0.28,2
MWP1G341910-004600S,,341.91,-0.46,0.39,0.28,
MWP1G344200-005400S,,344.20,-0.54,0.46,0.28,2
MWP1G346330-001700S,,346.33,-0.17,0.52,0.28,2
MWP1G353910005600S,,353.91,+0.56,0.50,0.28,2
MWP1G357480-000400S,,357.48,-0.04,0.39,0.28,
MWP1G001100-000900S,,001.10,-0.09,0.39,0.27,2
MWP1G017130001400S,,017.13,+0.14,0.35,0.27,
MWP1G019740002800S,,019.74,+0.28,0.67,0.27,2
MWP1G023850-001300S,,023.85,-0.13,0.47,0.27,2
MWP1G026980-003200S,,026.98,-0.32,0.40,0.27,2
MWP1G029290-003400S,,029.29,-0.34,0.40,0.27,
MWP1G032120000900S,,032.12,+0.09,0.34,0.27,2
MWP1G034800-002600S,N63,034.80,-0.26,0.43,0.27,
MWP1G043930-003400S,,043.93,-0.34,0.40,0.27,
MWP1G053370006100S,,053.37,+0.61,0.39,0.27,
MWP1G330480-003800S,,330.48,-0.38,0.35,0.27,
MWP1G334740003400S,,334.74,+0.34,0.38,0.27,
MWP1G336690-000900S,,336.69,-0.09,0.48,0.27,
MWP1G353510-002700S,,353.51,-0.27,0.32,0.27,
MWP1G356410005300S,,356.41,+0.53,0.41,0.27,
MWP1G012880004800S,,012.88,+0.48,0.49,0.26,2
MWP1G013630001900S,,013.63,+0.19,0.63,0.26,2
MWP1G016390-001400S,N18,016.39,-0.14,0.33,0.26,
MWP1G018520-003000S,,018.52,-0.30,0.34,0.26,
MWP1G022950003000S,,022.95,+0.30,0.38,0.26,
MWP1G026150003200S,,026.15,+0.32,0.37,0.26,
MWP1G028560-002900S,,028.56,-0.29,0.36,0.26,
MWP1G030390-007900S,,030.39,-0.79,0.48,0.26,
MWP1G037810-003800S,,037.81,-0.38,0.52,0.26,2
MWP1G313510-005000S,,313.51,-0.50,0.36,0.26,
MWP1G314580-003500S,,314.58,-0.35,0.34,0.26,
MWP1G323240-002700S,,323.24,-0.27,0.58,0.26,
MWP1G329580003300S,,329.58,+0.33,0.46,0.26,
MWP1G333230-001000S,,333.23,-0.10,0.35,0.26,
MWP1G336110001900S,,336.11,+0.19,0.53,0.26,2
MWP1G341580-002700S,,341.58,-0.27,0.42,0.26,2
MWP1G341900-004800S,,341.90,-0.48,0.39,0.26,
MWP1G349480001200S,,349.48,+0.12,0.59,0.26,2
MWP1G350180000200S,,350.18,+0.02,0.48,0.26,2
MWP1G356510-005100S,,356.51,-0.51,0.45,0.26,
MWP1G357240-001100S,,357.24,-0.11,0.40,0.26,
MWP1G011400-007000S,,011.40,-0.70,0.52,0.25,2
MWP1G025730-000200S,,025.73,-0.02,0.40,0.25,
MWP1G026270003100S,,026.27,+0.31,0.36,0.25,
MWP1G026820002400S,,026.82,+0.24,0.43,0.25,2
MWP1G030350000900S,,030.35,+0.09,0.40,0.25,
MWP1G033700002100S,,033.70,+0.21,0.51,0.25,
MWP1G038780001000S,,038.78,+0.10,0.36,0.25,
MWP1G038940-003500S,,038.94,-0.35,0.40,0.25,
MWP1G041190000600S,,041.19,+0.06,0.42,0.25,
MWP1G042470-008000S,,042.47,-0.80,0.33,0.25,
MWP1G043540000200S,,043.54,+0.02,0.34,0.25,
MWP1G044290-001600S,,044.29,-0.16,0.47,0.25,2
MWP1G305760-002500S,,305.76,-0.25,0.50,0.25,2
MWP1G312590000400S,,312.59,+0.04,0.41,0.25,
MWP1G323910004200S,,323.91,+0.42,0.33,0.25,
MWP1G328060003800S,,328.06,+0.38,0.48,0.25,2
MWP1G328710004200S,,328.71,+0.42,0.48,0.25,
MWP1G330660005800S,,330.66,+0.58,0.70,0.25,2
MWP1G339160000100S,,339.16,+0.01,0.39,0.25,
MWP1G346260002900S,,346.26,+0.29,0.53,0.25,2
MWP1G346420002600S,,346.42,+0.26,0.55,0.25,2
MWP1G346420002800S,,346.42,+0.28,0.42,0.25,
MWP1G350000004300S,,350.00,+0.43,0.53,0.25,
MWP1G352880-002000S,,352.88,-0.20,0.32,0.25,
MWP1G353880002900S,,353.88,+0.29,0.45,0.25,
MWP1G354360001400S,,354.36,+0.14,0.46,0.25,
MWP1G355200001300S,,355.20,+0.13,0.39,0.25,2
MWP1G007820-004600S,,007.82,-0.46,0.41,0.24,
MWP1G013770006200S,,013.77,+0.62,0.47,0.24,
MWP1G018070-003000S,,018.07,-0.30,0.55,0.24,2
MWP1G022720-000100S,,022.72,-0.01,0.43,0.24,
MWP1G024040002000S,,024.04,+0.20,0.35,0.24,
MWP1G031510-002500S,,031.51,-0.25,0.32,0.24,
MWP1G032610-002400S,,032.61,-0.24,0.47,0.24,
MWP1G034600-004100S,N63,034.60,-0.41,0.66,0.24,2
MWP1G035530-001500S,,035.53,-0.15,0.39,0.24,
MWP1G036340-002100S,,036.34,-0.21,0.33,0.24,
MWP1G043200004300S,,043.20,+0.43,0.56,0.24,
MWP1G044590003700S,,044.59,+0.37,0.36,0.24,2
MWP1G045090-004900S,,045.09,-0.49,0.57,0.24,
MWP1G312810-000200S,,312.81,-0.02,0.47,0.24,
MWP1G314590003400S,,314.59,+0.34,0.45,0.24,2
MWP1G315390-003300S,,315.39,-0.33,0.36,0.24,
MWP1G320240-002800S,,320.24,-0.28,0.40,0.24,2
MWP1G326660002600S,,326.66,+0.26,0.40,0.24,
MWP1G334050003500S,,334.05,+0.35,0.55,0.24,
MWP1G334660-001400S,,334.66,-0.14,0.35,0.24,
MWP1G335610002400S,,335.61,+0.24,0.42,0.24,
MWP1G344940002000S,,344.94,+0.20,0.57,0.24,2
MWP1G346400-004000S,,346.40,-0.40,0.35,0.24,
MWP1G354750-002500S,,354.75,-0.25,0.34,0.24,
MWP1G012470000900S,,012.47,+0.09,0.32,0.23,
MWP1G014480000000S,,014.48,+0.00,0.52,0.23,2
MWP1G014490000200S,,014.49,+0.02,0.42,0.23,2
MWP1G015520001900S,,015.52,+0.19,0.60,0.23,2
MWP1G017220-001900S,,017.22,-0.19,0.32,0.23,
MWP1G018440000100S,,018.44,+0.01,0.42,0.23,
MWP1G019410001200S,,019.41,+0.12,0.37,0.23,
MWP1G023420000700S,,023.42,+0.07,0.40,0.23,
MWP1G025920-001400S,,025.92,-0.14,0.36,0.23,
MWP1G027810-002400S,,027.81,-0.24,0.41,0.23,2
MWP1G029400-000900S,,029.40,-0.09,0.34,0.23,
MWP1G030880-002300S,,030.88,-0.23,0.47,0.23,2
MWP1G035050-005200S,N63,035.05,-0.52,0.44,0.23,2
MWP1G039550-001600S,,039.55,-0.16,0.43,0.23,
MWP1G043530000200S,,043.53,+0.02,0.53,0.23,
MWP1G050850-001700S,N107,050.85,-0.17,0.61,0.23,2
MWP1G312700-000900S,,312.70,-0.09,0.36,0.23,2
MWP1G314320003800S,,314.32,+0.38,0.45,0.23,
MWP1G320350001100S,S92,320.35,+0.11,0.34,0.23,2
MWP1G326920-005100S,,326.92,-0.51,0.44,0.23,
MWP1G332350-004300S,,332.35,-0.43,0.53,0.23,2
MWP1G332770-000100S,,332.77,-0.01,0.64,0.23,2
MWP1G334730005100S,,334.73,+0.51,0.34,0.23,
MWP1G338270-002900S,,338.27,-0.29,0.35,0.23,
MWP1G343250007100S,,343.25,+0.71,0.40,0.23,
MWP1G354310-001100S,,354.31,-0.11,0.41,0.23,
MWP1G357230-000900S,,357.23,-0.09,0.41,0.23,
MWP1G357990-001600S,,357.99,-0.16,0.40,0.23,2
MWP1G003660-001100S,,003.66,-0.11,0.46,0.22,2
MWP1G003680-001000S,,003.68,-0.10,0.38,0.22,2
MWP1G012630000700S,,012.63,+0.07,0.41,0.22,2
MWP1G017630000500S,,017.63,+0.05,0.56,0.22,2
MWP1G023010-004200S,,023.01,-0.42,0.47,0.22,2
MWP1G026560-003000S,,026.56,-0.30,0.59,0.22,2
MWP1G027560000800S,,027.56,+0.08,0.46,0.22,
MWP1G033680-000200S,,033.68,-0.02,0.32,0.22,
MWP1G034100000200S,,034.10,+0.02,0.43,0.22,2
MWP1G038380001700S,N71,038.38,+0.17,0.37,0.22,2
MWP1G041140-008800S,,041.14,-0.88,0.49,0.22,2
MWP1G045910004800S,,045.91,+0.48,0.57,0.22,2
MWP1G047660000300S,,047.66,+0.03,0.35,0.22,
MWP1G299600001700S,,299.60,+0.17,0.34,0.22,
MWP1G316290-002700S,,316.29,-0.27,0.46,0.22,
MWP1G317820-003700S,,317.82,-0.37,0.34,0.22,
MWP1G317830-000200S,,317.83,-0.02,0.45,0.22,
MWP1G327430006800S,,327.43,+0.68,0.36,0.22,
MWP1G331540-003100S,,331.54,-0.31,0.45,0.22,2
MWP1G332140000400S,,332.14,+0.04,0.66,0.22,2
MWP1G334720-001000S,,334.72,-0.10,0.34,0.22,2
MWP1G335010-001700S,,335.01,-0.17,0.40,0.22,2
MWP1G343240-007200S,,343.24,-0.72,0.45,0.22,
MWP1G343300001700S,,343.30,+0.17,0.40,0.22,2
MWP1G348620000200S,,348.62,+0.02,0.43,0.22,
MWP1G356190-000700S,,356.19,-0.07,0.34,0.22,
MWP1G358470-004000S,,358.47,-0.40,0.53,0.22,2
MWP1G358840-007400S,,358.84,-0.74,0.45,0.22,
MWP1G006790002300S,,006.79,+0.23,0.41,0.21,
MWP1G007420003700S,,007.42,+0.37,0.45,0.21,
MWP1G009960-001200S,,009.96,-0.12,0.42,0.21,
MWP1G010840-001100S,,010.84,-0.11,0.52,0.21,
MWP1G011170000200S,,011.17,+0.02,0.35,0.21,
MWP1G012460000600S,,012.46,+0.06,0.32,0.21,
MWP1G014390-000200S,,014.39,-0.02,0.40,0.21,2
MWP1G016380-003100S,,016.38,-0.31,0.47,0.21,2
MWP1G021000-000500S,,021.00,-0.05,0.42,0.21,2
MWP1G023160-003200S,,023.16,-0.32,0.37,0.21,
MWP1G024500-002400S,,024.50,-0.24,0.35,0.21,2
MWP1G025300005300S,,025.30,+0.53,0.43,0.21,
MWP1G028890-007900S,,028.89,-0.79,0.60,0.21,2
MWP1G029270-003200S,,029.27,-0.32,0.34,0.21,
MWP1G033830-001600S,,033.83,-0.16,0.46,0.21,2
MWP1G035820-008700S,,035.82,-0.87,0.48,0.21,2
MWP1G040040000900S,,040.04,+0.09,0.41,0.21,
MWP1G052470007400S,N109,052.47,+0.74,0.51,0.21,
MWP1G296320-005500S,,296.32,-0.55,0.54,0.21,2
MWP1G302260-004400S,,302.26,-0.44,0.33,0.21,
MWP1G302840-007100S,,302.84,-0.71,0.50,0.21,2
MWP1G304170002600S,,304.17,+0.26,0.36,0.21,
MWP1G304800005800S,,304.80,+0.58,0.40,0.21,
MWP1G311760000900S,,311.76,+0.09,0.44,0.21,
MWP1G316350-004000S,,316.35,-0.40,0.36,0.21,
MWP1G320460-007800S,,320.46,-0.78,0.50,0.21,
MWP1G324690002100S,,324.69,+0.21,0.33,0.21,
MWP1G328070005800S,,328.07,+0.58,0.57,0.21,
MWP1G328170-002000S,,328.17,-0.20,0.52,0.21,
MWP1G328900002300S,,328.90,+0.23,0.33,0.21,
MWP1G328980002200S,,328.98,+0.22,0.40,0.21,2
MWP1G329560001800S,,329.56,+0.18,0.35,0.21,
MWP1G331030001000S,,331.03,+0.10,0.43,0.21,
MWP1G331140-004800S,,331.14,-0.48,0.37,0.21,2
MWP1G331430-003700S,,331.43,-0.37,0.43,0.21,2
MWP1G331930000600S,,331.93,+0.06,0.46,0.21,2
MWP1G332770-003100S,,332.77,-0.31,0.39,0.21,2
MWP1G334620-001800S,,334.62,-0.18,0.35,0.21,
MWP1G336550-002100S,,336.55,-0.21,0.42,0.21,2
MWP1G337040000000S,,337.04,+0.00,0.46,0.21,
MWP1G337280-008600S,,337.28,-0.86,0.50,0.21,2
MWP1G337710-000600S,,337.71,-0.06,0.50,0.21,
MWP1G338550-002200S,,338.55,-0.22,0.36,0.21,
MWP1G339010004400S,,339.01,+0.44,0.69,0.21,2
MWP1G341600000700S,,341.60,+0.07,0.60,0.21,2
MWP1G346140-001300S,,346.14,-0.13,0.34,0.21,
MWP1G349500001200S,,349.50,+0.12,0.43,0.21,
MWP1G356430-001400S,,356.43,-0.14,0.34,0.21,
MWP1G358510-003700S,,358.51,-0.37,0.43,0.21,2
MWP1G003390008900S,,003.39,+0.89,0.42,0.20,2
MWP1G005400-002700S,,005.40,-0.27,0.57,0.20,2
MWP1G010320-002300S,,010.32,-0.23,0.37,0.20,2
MWP1G013130000600S,,013.13,+0.06,0.58,0.20,2
MWP1G017580000900S,,017.58,+0.09,0.45,0.20,2
MWP1G018760002700S,,018.76,+0.27,0.33,0.20,
MWP1G024150-000100S,,024.15,-0.01,0.46,0.20,2
MWP1G024170004000S,,024.17,+0.40,0.46,0.20,2
MWP1G024440002500S,,024.44,+0.25,0.32,0.20,2
MWP1G026910001100S,,026.91,+0.11,0.41,0.20,2
MWP1G029370-003200S,,029.37,-0.32,0.65,0.20,2
MWP1G032110-003700S,,032.11,-0.37,0.53,0.20,2
MWP1G032580-000700S,,032.58,-0.07,0.50,0.20,
MWP1G038860-005200S,,038.86,-0.52,0.43,0.20,
MWP1G045120-001200S,,045.12,-0.12,0.40,0.20,2
MWP1G049540002100S,,049.54,+0.21,0.53,0.20,2
MWP1G052330000100S,N109,052.33,+0.01,0.56,0.20,2
MWP1G301750002800S,,301.75,+0.28,0.46,0.20,
MWP1G304170-008800S,,304.17,-0.88,0.49,0.20,
MWP1G305730-002300S,,305.73,-0.23,0.35,0.20,
MWP1G306130001400S,,306.13,+0.14,0.42,0.20,
MWP1G307310001700S,,307.31,+0.17,0.40,0.20,
MWP1G307450-008500S,,307.45,-0.85,0.38,0.20,
MWP1G308390003500S,,308.39,+0.35,0.34,0.20,
MWP1G315870-003200S,,315.87,-0.32,0.48,0.20,
MWP1G323100-003400S,,323.10,-0.34,0.36,0.20,
MWP1G327240004500S,,327.24,+0.45,0.37,0.20,
MWP1G327980000000S,,327.98,+0.00,0.38,0.20,
MWP1G338890-006000S,,338.89,-0.60,0.33,0.20,
MWP1G344830-005400S,S13,344.83,-0.54,0.33,0.20,2
MWP1G349050000900S,,349.05,+0.09,0.49,0.20,2
MWP1G349070-000200S,,349.07,-0.02,0.33,0.20,
MWP1G358770001100S,,358.77,+0.11,0.38,0.20,2
MWP1G000310-001900S,,000.31,-0.19,0.42,0.19,2
MWP1G005590-003800S,,005.59,-0.38,0.44,0.19,
MWP1G009710-002200S,,009.71,-0.22,0.39,0.19,
MWP1G010000-007900S,,010.00,-0.79,0.50,0.19,
MWP1G010620-003300S,N2,010.62,-0.33,0.36,0.19,
MWP1G012640001000S,,012.64,+0.10,0.47,0.19,2
MWP1G012880004900S,,012.88,+0.49,0.39,0.19,
MWP1G012960-003600S,,012.96,-0.36,0.45,0.19,
MWP1G016840-000200S,,016.84,-0.02,0.41,0.19,
MWP1G028140003300S,,028.14,+0.33,0.38,0.19,2
MWP1G029950-007900S,,029.95,-0.79,0.45,0.19,2
MWP1G030880-002400S,,030.88,-0.24,0.44,0.19,2
MWP1G032510008400S,,032.51,+0.84,0.38,0.19,
MWP1G033110-000900S,N59,033.11,-0.09,0.37,0.19,2
MWP1G033640-002300S,,033.64,-0.23,0.58,0.19,2
MWP1G040400000800S,,040.40,+0.08,0.57,0.19,2
MWP1G045540000000S,,045.54,+0.00,0.48,0.19,
MWP1G046200005300S,,046.20,+0.53,0.41,0.19,2
MWP1G049490-002600S,,049.49,-0.26,0.37,0.19,2
MWP1G050240-004900S,,050.24,-0.49,0.49,0.19,
MWP1G296460-006600S,,296.46,-0.66,0.38,0.19,
MWP1G298510-005100S,,298.51,-0.51,0.50,0.19,
MWP1G305600000200S,,305.60,+0.02,0.41,0.19,2
MWP1G305780-002500S,,305.78,-0.25,0.36,0.19,2
MWP1G307660-003800S,,307.66,-0.38,0.50,0.19,
MWP1G308070-004300S,,308.07,-0.43,0.44,0.19,2
MWP1G312540000600S,,312.54,+0.06,0.65,0.19,2
MWP1G316040-002200S,,316.04,-0.22,0.42,0.19,
MWP1G319240-003300S,,319.24,-0.33,0.34,0.19,2
MWP1G319560-005200S,,319.56,-0.52,0.33,0.19,
MWP1G319940-001700S,,319.94,-0.17,0.52,0.19,2
MWP1G327980-000100S,,327.98,-0.01,0.39,0.19,
MWP1G328350-004900S,,328.35,-0.49,0.41,0.19,
MWP1G328580-001400S,,328.58,-0.14,0.57,0.19,2
MWP1G329470002300S,,329.47,+0.23,0.33,0.19,
MWP1G333960-002500S,,333.96,-0.25,0.62,0.19,2
MWP1G335290-001600S,,335.29,-0.16,0.70,0.19,2
MWP1G335820-001800S,,335.82,-0.18,0.34,0.19,
MWP1G336810004600S,,336.81,+0.46,0.59,0.19,2
MWP1G337190000300S,,337.19,+0.03,0.40,0.19,
MWP1G341130-003500S,,341.13,-0.35,0.45,0.19,2
MWP1G342030-000700S,,342.03,-0.07,0.47,0.19,
MWP1G349330000200S,,349.33,+0.02,0.82,0.19,2
MWP1G349890002400S,,349.89,+0.24,0.51,0.19,2
MWP1G350960-003800S,,350.96,-0.38,0.36,0.19,
MWP1G352520-001600S,,352.52,-0.16,0.53,0.19,2
MWP1G354420000300S,,354.42,+0.03,0.52,0.19,
MWP1G355620001500S,,355.62,+0.15,0.40,0.19,
MWP1G356390005400S,,356.39,+0.54,0.46,0.19,
MWP1G000530001800S,,000.53,+0.18,0.50,0.18,
MWP1G007370-001100S,,007.37,-0.11,0.47,0.18,2
MWP1G007370-001200S,,007.37,-0.12,0.51,0.18,2
MWP1G010960000100S,,010.96,+0.01,0.54,0.18,2
MWP1G012790-002200S,,012.79,-0.22,0.46,0.18,2
MWP1G012920004900S,,012.92,+0.49,0.39,0.18,
MWP1G014870000600S,,014.87,+0.06,0.41,0.18,
MWP1G016310-007500S,,016.31,-0.75,0.45,0.18,2
MWP1G016360-002000S,N18,016.36,-0.20,0.34,0.18,2
MWP1G017980001300S,,017.98,+0.13,0.37,0.18,
MWP1G023070003800S,,023.07,+0.38,0.39,0.18,
MWP1G023840-000400S,,023.84,-0.04,0.44,0.18,
MWP1G023980-001100S,,023.98,-0.11,0.47,0.18,2
MWP1G029850005500S,,029.85,+0.55,0.32,0.18,
MWP1G030690-003700S,,030.69,-0.37,0.42,0.18,
MWP1G030970002100S,,030.97,+0.21,0.33,0.18,
MWP1G036880005000S,,036.88,+0.50,0.50,0.18,
MWP1G037300-000900S,,037.30,-0.09,0.42,0.18,2
MWP1G038260006200S,,038.26,+0.62,0.37,0.18,2
MWP1G039730-003900S,,039.73,-0.39,0.57,0.18,2
MWP1G040740001600S,,040.74,+0.16,0.53,0.18,2
MWP1G041150-008900S,,041.15,-0.89,0.43,0.18,2
MWP1G042180002800S,,042.18,+0.28,0.36,0.18,
MWP1G042640-002000S,,042.64,-0.20,0.49,0.18,
MWP1G044810001000S,,044.81,+0.10,0.40,0.18,2
MWP1G050520003400S,,050.52,+0.34,0.35,0.18,
MWP1G052210007200S,N109,052.21,+0.72,0.46,0.18,2
MWP1G296250-008700S,,296.25,-0.87,0.49,0.18,2
MWP1G300510000700S,,300.51,+0.07,0.33,0.18,
MWP1G308220-008600S,,308.22,-0.86,0.40,0.18,
MWP1G308260-003800S,,308.26,-0.38,0.41,0.18,
MWP1G308920-002400S,,308.92,-0.24,0.42,0.18,2
MWP1G311840-002200S,,311.84,-0.22,0.47,0.18,2
MWP1G312390001700S,,312.39,+0.17,0.39,0.18,
MWP1G316100-007100S,,316.10,-0.71,0.39,0.18,
MWP1G316120003600S,,316.12,+0.36,0.37,0.18,
MWP1G320430001200S,S92,320.43,+0.12,0.34,0.18,2
MWP1G321750-004800S,,321.75,-0.48,0.44,0.18,
MWP1G322420002100S,,322.42,+0.21,0.57,0.18,2
MWP1G323220001900S,,323.22,+0.19,0.43,0.18,
MWP1G324480-002300S,,324.48,-0.23,0.55,0.18,
MWP1G324980-003300S,,324.98,-0.33,0.40,0.18,2
MWP1G325910000500S,,325.91,+0.05,0.38,0.18,
MWP1G328240-005500S,,328.24,-0.55,0.37,0.18,
MWP1G332810005800S,,332.81,+0.58,0.53,0.18,2
MWP1G332990-007000S,,332.99,-0.70,0.33,0.18,
MWP1G333900-000100S,,333.90,-0.01,0.34,0.18,
MWP1G337000-000300S,,337.00,-0.03,0.40,0.18,
MWP1G337310-002000S,,337.31,-0.20,0.36,0.18,
MWP1G337370-004000S,,337.37,-0.40,0.40,0.18,
MWP1G338480000400S,,338.48,+0.04,0.49,0.18,2
MWP1G340450-005600S,,340.45,-0.56,0.45,0.18,2
MWP1G345990001000S,,345.99,+0.10,0.39,0.18,
MWP1G346140-001400S,,346.14,-0.14,0.32,0.18,
MWP1G346340002600S,,346.34,+0.26,0.54,0.18,
MWP1G349810000400S,,349.81,+0.04,0.33,0.18,
MWP1G354390-004400S,,354.39,-0.44,0.42,0.18,
MWP1G355260-002400S,,355.26,-0.24,0.48,0.18,2
MWP1G005070-000400S,,005.07,-0.04,0.42,0.17,
MWP1G008390-000100S,,008.39,-0.01,0.35,0.17,2
MWP1G009400-000900S,,009.40,-0.09,0.52,0.17,2
MWP1G009470-008500S,,009.47,-0.85,0.42,0.17,
MWP1G010230001000S,,010.23,+0.10,0.47,0.17,2
MWP1G012140-000400S,,012.14,-0.04,0.34,0.17,
MWP1G013710-000800S,,013.71,-0.08,0.42,0.17,2
MWP1G014110-005700S,,014.11,-0.57,0.37,0.17,2
MWP1G017560001600S,,017.56,+0.16,0.47,0.17,2
MWP1G019220-006400S,N24,019.22,-0.64,0.35,0.17,2
MWP1G020050001900S,,020.05,+0.19,0.37,0.17,
MWP1G020230000800S,,020.23,+0.08,0.32,0.17,
MWP1G020480-006900S,,020.48,-0.69,0.57,0.17,2
MWP1G026480-006400S,,026.48,-0.64,0.48,0.17,2
MWP1G027770000500S,,027.77,+0.05,0.32,0.17,
MWP1G028730-002300S,,028.73,-0.23,0.56,0.17,2
MWP1G028880-000200S,,028.88,-0.02,0.37,0.17,
MWP1G029340-003300S,,029.34,-0.33,0.46,0.17,
MWP1G030380001100S,,030.38,+0.11,0.63,0.17,2
MWP1G030500006200S,,030.50,+0.62,0.43,0.17,
MWP1G031730007000S,,031.73,+0.70,0.44,0.17,
MWP1G032760-001500S,,032.76,-0.15,0.53,0.17,2
MWP1G033260000600S,,033.26,+0.06,0.45,0.17,2
MWP1G033990000000S,,033.99,+0.00,0.35,0.17,
MWP1G034020002300S,,034.02,+0.23,0.36,0.17,
MWP1G034050001400S,,034.05,+0.14,0.53,0.17,2
MWP1G034210001200S,,034.21,+0.12,0.39,0.17,2
MWP1G035570000700S,,035.57,+0.07,0.46,0.17,2
MWP1G036790-002000S,,036.79,-0.20,0.49,0.17,2
MWP1G040220-004800S,,040.22,-0.48,0.37,0.17,
MWP1G041250002800S,,041.25,+0.28,0.42,0.17,
MWP1G044110004300S,,044.11,+0.43,0.35,0.17,2
MWP1G044870002000S,,044.87,+0.20,0.34,0.17,
MWP1G044960-005300S,,044.96,-0.53,0.37,0.17,
MWP1G045940-005300S,,045.94,-0.53,0.32,0.17,
MWP1G047270003500S,,047.27,+0.35,0.43,0.17,
MWP1G052120-004400S,,052.12,-0.44,0.39,0.17,2
MWP1G052200007200S,N109,052.20,+0.72,0.37,0.17,2
MWP1G053920-000700S,,053.92,-0.07,0.38,0.17,
MWP1G298530-005100S,,298.53,-0.51,0.32,0.17,
MWP1G299610001700S,,299.61,+0.17,0.38,0.17,
MWP1G302250000100S,,302.25,+0.01,0.41,0.17,2
MWP1G303450-005500S,,303.45,-0.55,0.37,0.17,2
MWP1G304290-003000S,,304.29,-0.30,0.44,0.17,2
MWP1G304690002400S,,304.69,+0.24,0.45,0.17,
MWP1G307480-008100S,,307.48,-0.81,0.34,0.17,
MWP1G311470-002000S,,311.47,-0.20,0.46,0.17,2
MWP1G313570001300S,,313.57,+0.13,0.57,0.17,
MWP1G316460-000600S,,316.46,-0.06,0.52,0.17,
MWP1G318700-003700S,,318.70,-0.37,0.35,0.17,
MWP1G320680004400S,,320.68,+0.44,0.42,0.17,2
MWP1G322700-003300S,,322.70,-0.33,0.36,0.17,
MWP1G322710-003300S,,322.71,-0.33,0.41,0.17,2
MWP1G326640001400S,,326.64,+0.14,0.64,0.17,2
MWP1G329420-001600S,,329.42,-0.16,0.60,0.17,2
MWP1G330350-002400S,,330.35,-0.24,0.42,0.17,
MWP1G330880-004500S,S66,330.88,-0.45,0.35,0.17,2
MWP1G331130-004800S,S66,331.13,-0.48,0.33,0.17,2
MWP1G332160002600S,,332.16,+0.26,0.32,0.17,
MWP1G332730-000300S,,332.73,-0.03,0.37,0.17,
MWP1G334850000600S,,334.85,+0.06,0.43,0.17,
MWP1G335360001100S,,335.36,+0.11,0.60,0.17,2
MWP1G335980000900S,,335.98,+0.09,0.46,0.17,
MWP1G337280-001600S,,337.28,-0.16,0.51,0.17,2
MWP1G337780-005100S,,337.78,-0.51,0.32,0.17,
MWP1G339150-005000S,,339.15,-0.50,0.53,0.17,2
MWP1G344770-002200S,,344.77,-0.22,0.41,0.17,
MWP1G346230-003200S,,346.23,-0.32,0.53,0.17,
MWP1G347310002800S,,347.31,+0.28,0.49,0.17,2
MWP1G350280001100S,,350.28,+0.11,0.32,0.17,
MWP1G351750-005800S,,351.75,-0.58,0.43,0.17,
MWP1G352340-004500S,,352.34,-0.45,0.49,0.17,2
MWP1G353010-000400S,,353.01,-0.04,0.46,0.17,
MWP1G355540-005300S,,355.54,-0.53,0.38,0.17,2
MWP1G356090002900S,,356.09,+0.29,0.36,0.17,
MWP1G356890-001600S,,356.89,-0.16,0.34,0.17,
MWP1G358090-004300S,,358.09,-0.43,0.82,0.17,2
MWP1G358370-004700S,,358.37,-0.47,0.50,0.17,2
MWP1G358720-001300S,,358.72,-0.13,0.36,0.17,
MWP1G000400004100S,,000.40,+0.41,0.32,0.16,
MWP1G002080-005800S,,002.08,-0.58,0.36,0.16,
MWP1G004000003400S,,004.00,+0.34,0.46,0.16,
MWP1G004390-003600S,,004.39,-0.36,0.37,0.16,
MWP1G007350000400S,,007.35,+0.04,0.57,0.16,2
MWP1G010480000700S,,010.48,+0.07,0.35,0.16,
MWP1G010930000500S,,010.93,+0.05,0.33,0.16,2
MWP1G011770-000400S,,011.77,-0.04,0.42,0.16,
MWP1G012590-000900S,,012.59,-0.09,0.40,0.16,
MWP1G013330-000100S,,013.33,-0.01,0.32,0.16,
MWP1G013430-007400S,,013.43,-0.74,0.42,0.16,2
MWP1G014100000900S,,014.10,+0.09,0.68,0.16,
MWP1G015080-001200S,,015.08,-0.12,0.60,0.16,2
MWP1G015180-001500S,,015.18,-0.15,0.44,0.16,2
MWP1G019700-002700S,,019.70,-0.27,0.37,0.16,
MWP1G019860-004800S,,019.86,-0.48,0.50,0.16,
MWP1G020330002500S,,020.33,+0.25,0.45,0.16,2
MWP1G020970-000700S,,020.97,-0.07,0.32,0.16,
MWP1G023340-003300S,,023.34,-0.33,0.34,0.16,
MWP1G023880-003500S,,023.88,-0.35,0.61,0.16,2
MWP1G025550002300S,,025.55,+0.23,0.34,0.16,
MWP1G026720003100S,,026.72,+0.31,0.44,0.16,
MWP1G027180002700S,,027.18,+0.27,0.32,0.16,
MWP1G027980-004600S,,027.98,-0.46,0.36,0.16,
MWP1G028160-000300S,,028.16,-0.03,0.54,0.16,2
MWP1G029890-007800S,,029.89,-0.78,0.45,0.16,
MWP1G030210003300S,,030.21,+0.33,0.35,0.16,
MWP1G031320-001600S,,031.32,-0.16,0.65,0.16,2
MWP1G031920001900S,,031.92,+0.19,0.44,0.16,2
MWP1G033290-000200S,N59,033.29,-0.02,0.37,0.16,
MWP1G033420000000S,,033.42,+0.00,0.48,0.16,
MWP1G033490-000100S,,033.49,-0.01,0.34,0.16,
MWP1G035950-001500S,,035.95,-0.15,0.42,0.16,
MWP1G036580-005000S,,036.58,-0.50,0.40,0.16,
MWP1G036840001200S,,036.84,+0.12,0.32,0.16,
MWP1G037470-001000S,,037.47,-0.10,0.36,0.16,
MWP1G039540-003700S,,039.54,-0.37,0.65,0.16,2
MWP1G040220-000200S,,040.22,-0.02,0.60,0.16,2
MWP1G042120005100S,,042.12,+0.51,0.35,0.16,
MWP1G042130005200S,,042.13,+0.52,0.39,0.16,
MWP1G045540-000100S,,045.54,-0.01,0.35,0.16,
MWP1G048530-006400S,,048.53,-0.64,0.42,0.16,2
MWP1G048790001200S,,048.79,+0.12,0.40,0.16,
MWP1G049380-001700S,,049.38,-0.17,0.42,0.16,2
MWP1G049440-000300S,,049.44,-0.03,0.34,0.16,
MWP1G053650-000500S,,053.65,-0.05,0.51,0.16,
MWP1G298270003000S,,298.27,+0.30,0.32,0.16,
MWP1G304590002700S,,304.59,+0.27,0.38,0.16,
MWP1G308790-002400S,,308.79,-0.24,0.55,0.16,2
MWP1G309940-004300S,,309.94,-0.43,0.44,0.16,
MWP1G310890000100S,,310.89,+0.01,0.66,0.16,2
MWP1G311890-002600S,,311.89,-0.26,0.34,0.16,2
MWP1G313470000600S,S122,313.47,+0.06,0.36,0.16,
MWP1G317460-005300S,,317.46,-0.53,0.39,0.16,2
MWP1G317530-005300S,,317.53,-0.53,0.32,0.16,
MWP1G317920-003400S,,317.92,-0.34,0.37,0.16,
MWP1G319220001600S,,319.22,+0.16,0.47,0.16,
MWP1G319380-003000S,,319.38,-0.30,0.38,0.16,
MWP1G320330-001800S,,320.33,-0.18,0.38,0.16,2
MWP1G320600-002100S,,320.60,-0.21,0.65,0.16,2
MWP1G321570-008200S,,321.57,-0.82,0.39,0.16,
MWP1G324480-002500S,,324.48,-0.25,0.32,0.16,
MWP1G326540001700S,,326.54,+0.17,0.45,0.16,
MWP1G326580-000800S,,326.58,-0.08,0.51,0.16,2
MWP1G327880001500S,,327.88,+0.15,0.45,0.16,
MWP1G328290-005400S,,328.29,-0.54,0.47,0.16,2
MWP1G329390-004700S,,329.39,-0.47,0.34,0.16,2
MWP1G329770-005000S,,329.77,-0.50,0.33,0.16,
MWP1G330290005000S,,330.29,+0.50,0.43,0.16,2
MWP1G331620005200S,,331.62,+0.52,0.61,0.16,2
MWP1G332770-003000S,,332.77,-0.30,0.37,0.16,2
MWP1G333920-000100S,,333.92,-0.01,0.32,0.16,
MWP1G334220-002900S,,334.22,-0.29,0.36,0.16,
MWP1G334930-003100S,,334.93,-0.31,0.42,0.16,
MWP1G335510-004400S,,335.51,-0.44,0.32,0.16,
MWP1G335730-005700S,,335.73,-0.57,0.36,0.16,
MWP1G335950000300S,,335.95,+0.03,0.45,0.16,
MWP1G338960-000400S,,338.96,-0.04,0.39,0.16,2
MWP1G339260003600S,,339.26,+0.36,0.32,0.16,
MWP1G340820-005300S,,340.82,-0.53,0.38,0.16,2
MWP1G342830-000300S,,342.83,-0.03,0.53,0.16,
MWP1G345500-008600S,S13,345.50,-0.86,0.42,0.16,2
MWP1G348310-003000S,,348.31,-0.30,0.37,0.16,
MWP1G348830001000S,,348.83,+0.10,0.37,0.16,
MWP1G348880-001700S,,348.88,-0.17,0.44,0.16,
MWP1G349210000700S,,349.21,+0.07,0.36,0.16,2
MWP1G350020004300S,,350.02,+0.43,0.54,0.16,2
MWP1G353110-001000S,,353.11,-0.10,0.32,0.16,
MWP1G355660-000600S,,355.66,-0.06,0.44,0.16,
MWP1G357240-000900S,,357.24,-0.09,0.34,0.16,
MWP1G358640-004800S,,358.64,-0.48,0.52,0.16,2
MWP1G359280-000400S,,359.28,-0.04,0.50,0.16,2
MWP1G000530001700S,,000.53,+0.17,0.39,0.15,
MWP1G002740-000800S,,002.74,-0.08,0.36,0.15,
MWP1G003650000900S,,003.65,+0.09,0.41,0.15,
MWP1G003740-000800S,,003.74,-0.08,0.34,0.15,
MWP1G007030007500S,,007.03,+0.75,0.41,0.15,
MWP1G007130-002000S,,007.13,-0.20,0.32,0.15,2
MWP1G007520004100S,,007.52,+0.41,0.40,0.15,
MWP1G010160-002300S,,010.16,-0.23,0.47,0.15,2
MWP1G010630-003400S,,010.63,-0.34,0.43,0.15,
MWP1G011740-002300S,,011.74,-0.23,0.58,0.15,
MWP1G016310-004800S,,016.31,-0.48,0.41,0.15,
MWP1G016590-004600S,N18,016.59,-0.46,0.35,0.15,
MWP1G017290-002000S,,017.29,-0.20,0.39,0.15,2
MWP1G017570-006300S,,017.57,-0.63,0.50,0.15,2
MWP1G018520003100S,,018.52,+0.31,0.35,0.15,
MWP1G018580003400S,,018.58,+0.34,0.64,0.15,2
MWP1G019060005700S,,019.06,+0.57,0.39,0.15,
MWP1G019520000800S,,019.52,+0.08,0.66,0.15,2
MWP1G021500-001600S,,021.50,-0.16,0.37,0.15,
MWP1G024150001600S,,024.15,+0.16,0.34,0.15,
MWP1G024370002700S,,024.37,+0.27,0.35,0.15,
MWP1G026550-002900S,,026.55,-0.29,0.41,0.15,2
MWP1G027920-000300S,,027.92,-0.03,0.39,0.15,
MWP1G030030001100S,,030.03,+0.11,0.54,0.15,
MWP1G030070001000S,,030.07,+0.10,0.47,0.15,
MWP1G030780002300S,,030.78,+0.23,0.52,0.15,
MWP1G031100001300S,,031.10,+0.13,0.35,0.15,2
MWP1G031570-002700S,,031.57,-0.27,0.41,0.15,2
MWP1G032070-000900S,,032.07,-0.09,0.46,0.15,2
MWP1G032420000800S,,032.42,+0.08,0.36,0.15,
MWP1G032460002300S,,032.46,+0.23,0.32,0.15,
MWP1G032750002200S,,032.75,+0.22,0.35,0.15,
MWP1G033260000700S,,033.26,+0.07,0.49,0.15,2
MWP1G033630-000100S,,033.63,-0.01,0.45,0.15,
MWP1G034960003100S,,034.96,+0.31,0.33,0.15,
MWP1G037700-003400S,,037.70,-0.34,0.37,0.15,
MWP1G037860-006000S,,037.86,-0.60,0.41,0.15,2
MWP1G038270006200S,,038.27,+0.62,0.43,0.15,2
MWP1G038530002300S,N71,038.53,+0.23,0.34,0.15,
MWP1G038600008100S,,038.60,+0.81,0.42,0.15,
MWP1G039670-001600S,,039.67,-0.16,0.64,0.15,2
MWP1G041260002200S,,041.26,+0.22,0.63,0.15,2
MWP1G041880004900S,,041.88,+0.49,0.51,0.15,2
MWP1G042400-003500S,,042.40,-0.35,0.56,0.15,2
MWP1G043160-000700S,,043.16,-0.07,0.47,0.15,2
MWP1G045540-004200S,,045.54,-0.42,0.33,0.15,
MWP1G046240-006800S,,046.24,-0.68,0.40,0.15,
MWP1G046740000000S,,046.74,+0.00,0.47,0.15,2
MWP1G048640006100S,,048.64,+0.61,0.48,0.15,2
MWP1G051010005200S,N107,051.01,+0.52,0.34,0.15,
MWP1G053040002700S,,053.04,+0.27,0.37,0.15,
MWP1G053150002300S,,053.15,+0.23,0.39,0.15,
MWP1G296320-007200S,,296.32,-0.72,0.38,0.15,
MWP1G300500-001900S,,300.50,-0.19,0.32,0.15,
MWP1G303540-007100S,,303.54,-0.71,0.44,0.15,2
MWP1G304090004300S,,304.09,+0.43,0.62,0.15,2
MWP1G306340-003200S,,306.34,-0.32,0.39,0.15,
MWP1G306920002100S,,306.92,+0.21,0.38,0.15,
MWP1G309120-002000S,,309.12,-0.20,0.39,0.15,2
MWP1G311560002400S,,311.56,+0.24,0.43,0.15,2
MWP1G312330-002800S,,312.33,-0.28,0.47,0.15,
MWP1G319850001600S,,319.85,+0.16,0.36,0.15,
MWP1G320250001700S,,320.25,+0.17,0.47,0.15,2
MWP1G320330-003000S,,320.33,-0.30,0.47,0.15,2
MWP1G320430001100S,,320.43,+0.11,0.38,0.15,2
MWP1G320690003400S,S92,320.69,+0.34,0.36,0.15,2
MWP1G323070001100S,,323.07,+0.11,0.37,0.15,
MWP1G325980000900S,,325.98,+0.09,0.41,0.15,
MWP1G328570000700S,,328.57,+0.07,0.43,0.15,
MWP1G328980005700S,,328.98,+0.57,0.35,0.15,
MWP1G329250-003100S,,329.25,-0.31,0.48,0.15,2
MWP1G329750001800S,,329.75,+0.18,0.48,0.15,
MWP1G330940-002600S,,330.94,-0.26,0.50,0.15,2
MWP1G332410-005000S,,332.41,-0.50,0.59,0.15,2
MWP1G332550002400S,,332.55,+0.24,0.32,0.15,2
MWP1G332590000400S,,332.59,+0.04,0.76,0.15,2
MWP1G333320007100S,,333.32,+0.71,0.35,0.15,
MWP1G334520-000500S,,334.52,-0.05,0.35,0.15,
MWP1G336200002000S,,336.20,+0.20,0.38,0.15,2
MWP1G336980-000100S,,336.98,-0.01,0.34,0.15,
MWP1G337310-002100S,,337.31,-0.21,0.41,0.15,
MWP1G339750000900S,,339.75,+0.09,0.41,0.15,
MWP1G339900002500S,,339.90,+0.25,0.34,0.15,
MWP1G340840-000900S,,340.84,-0.09,0.51,0.15,
MWP1G343520-000100S,,343.52,-0.01,0.37,0.15,2
MWP1G344990-002600S,,344.99,-0.26,0.75,0.15,2
MWP1G346530001200S,,346.53,+0.12,0.44,0.15,
MWP1G347970-004300S,,347.97,-0.43,0.40,0.15,2
MWP1G348110-003300S,,348.11,-0.33,0.46,0.15,
MWP1G349290000200S,,349.29,+0.02,0.37,0.15,
MWP1G350770-008600S,,350.77,-0.86,0.48,0.15,2
MWP1G351220001800S,,351.22,+0.18,0.33,0.15,
MWP1G353040-000200S,,353.04,-0.02,0.39,0.15,
MWP1G356470000000S,,356.47,+0.00,0.41,0.15,
MWP1G357980-001700S,,357.98,-0.17,0.36,0.15,2
MWP1G358630000600S,,358.63,+0.06,0.48,0.15,2
MWP1G000280-004800S,,000.28,-0.48,0.59,0.14,2
MWP1G002590000100S,,002.59,+0.01,0.39,0.14,
MWP1G003580-002400S,,003.58,-0.24,0.48,0.14,
MWP1G010610-003800S,N2,010.61,-0.38,0.39,0.14,2
MWP1G010670-002100S,,010.67,-0.21,0.55,0.14,
MWP1G010860-000300S,,010.86,-0.03,0.32,0.14,
MWP1G012630-000100S,,012.63,-0.01,0.62,0.14,
MWP1G013140000600S,,013.14,+0.06,0.34,0.14,2
MWP1G013560008400S,,013.56,+0.84,0.57,0.14,
MWP1G014890-004000S,,014.89,-0.40,0.47,0.14,
MWP1G016280-004900S,,016.28,-0.49,0.38,0.14,
MWP1G016440-002100S,,016.44,-0.21,0.54,0.14,2
MWP1G018680-000600S,,018.68,-0.06,0.36,0.14,
MWP1G021140-003000S,,021.14,-0.30,0.50,0.14,2
MWP1G024540-001300S,,024.54,-0.13,0.39,0.14,
MWP1G024960002600S,,024.96,+0.26,0.57,0.14,2
MWP1G027140004700S,,027.14,+0.47,0.32,0.14,
MWP1G027210002100S,,027.21,+0.21,0.32,0.14,
MWP1G027270001500S,,027.27,+0.15,0.39,0.14,
MWP1G027280001400S,,027.28,+0.14,0.57,0.14,2
MWP1G028950-005900S,,028.95,-0.59,0.34,0.14,2
MWP1G029230000000S,,029.23,+0.00,0.43,0.14,2
MWP1G029890-007700S,,029.89,-0.77,0.32,0.14,
MWP1G031490-002400S,,031.49,-0.24,0.32,0.14,
MWP1G031550001000S,,031.55,+0.10,0.41,0.14,2
MWP1G031910001900S,,031.91,+0.19,0.41,0.14,2
MWP1G032320007800S,,032.32,+0.78,0.52,0.14,2
MWP1G033880000600S,,033.88,+0.06,0.69,0.14,2
MWP1G034300001800S,,034.30,+0.18,0.32,0.14,
MWP1G034720-006100S,N63,034.72,-0.61,0.46,0.14,2
MWP1G035040-005500S,N63,035.04,-0.55,0.33,0.14,
MWP1G036220000700S,,036.22,+0.07,0.37,0.14,
MWP1G036650003200S,,036.65,+0.32,0.32,0.14,
MWP1G037890-005100S,,037.89,-0.51,0.36,0.14,
MWP1G038070-002600S,,038.07,-0.26,0.58,0.14,2
MWP1G038550001600S,,038.55,+0.16,0.46,0.14,2
MWP1G039600005600S,,039.60,+0.56,0.39,0.14,2
MWP1G041030001200S,,041.03,+0.12,0.48,0.14,2
MWP1G041290-001700S,,041.29,-0.17,0.35,0.14,
MWP1G042000-000400S,,042.00,-0.04,0.36,0.14,
MWP1G043350-006600S,,043.35,-0.66,0.56,0.14,2
MWP1G043520000200S,,043.52,+0.02,0.33,0.14,
MWP1G044520003900S,,044.52,+0.39,0.61,0.14,
MWP1G045560-004200S,,045.56,-0.42,0.38,0.14,
MWP1G046790002800S,,046.79,+0.28,0.32,0.14,
MWP1G050100008400S,,050.10,+0.84,0.37,0.14,
MWP1G054200000300S,,054.20,+0.03,0.33,0.14,
MWP1G295730-003000S,,295.73,-0.30,0.43,0.14,2
MWP1G296490-004500S,,296.49,-0.45,0.41,0.14,
MWP1G299440-000400S,,299.44,-0.04,0.47,0.14,
MWP1G300340-002200S,,300.34,-0.22,0.49,0.14,
MWP1G303860-003700S,,303.86,-0.37,0.43,0.14,2
MWP1G303930-003900S,,303.93,-0.39,0.32,0.14,
MWP1G303930-004000S,,303.93,-0.40,0.34,0.14,
MWP1G304710002700S,,304.71,+0.27,0.36,0.14,
MWP1G304770-005200S,,304.77,-0.52,0.56,0.14,
MWP1G306940-007300S,,306.94,-0.73,0.46,0.14,
MWP1G308030-005000S,,308.03,-0.50,0.34,0.14,
MWP1G309940002500S,,309.94,+0.25,0.62,0.14,2
MWP1G311560002300S,,311.56,+0.23,0.33,0.14,2
MWP1G314360004900S,,314.36,+0.49,0.40,0.14,
MWP1G314630002900S,,314.63,+0.29,0.51,0.14,2
MWP1G317100-003000S,,317.10,-0.30,0.52,0.14,2
MWP1G317160-003700S,,317.16,-0.37,0.56,0.14,
MWP1G317820-000600S,,317.82,-0.06,0.32,0.14,
MWP1G319990-002100S,,319.99,-0.21,0.32,0.14,
MWP1G320720004200S,,320.72,+0.42,0.49,0.14,2
MWP1G324970-003500S,S80,324.97,-0.35,0.34,0.14,
MWP1G326880-005100S,,326.88,-0.51,0.37,0.14,
MWP1G328180003500S,,328.18,+0.35,0.34,0.14,
MWP1G329390-004600S,,329.39,-0.46,0.46,0.14,2
MWP1G331150001300S,,331.15,+0.13,0.37,0.14,
MWP1G336500-002600S,,336.50,-0.26,0.38,0.14,2
MWP1G336740003300S,,336.74,+0.33,0.43,0.14,
MWP1G337190-000600S,,337.19,-0.06,0.52,0.14,
MWP1G337990000900S,,337.99,+0.09,0.49,0.14,2
MWP1G338220-005300S,,338.22,-0.53,0.40,0.14,
MWP1G338910005500S,,338.91,+0.55,0.37,0.14,2
MWP1G341120001400S,,341.12,+0.14,0.55,0.14,
MWP1G341220-002100S,,341.22,-0.21,0.36,0.14,2
MWP1G341930-001700S,,341.93,-0.17,0.38,0.14,
MWP1G345750000700S,,345.75,+0.07,0.32,0.14,
MWP1G348230-001400S,,348.23,-0.14,0.45,0.14,
MWP1G348750-002000S,,348.75,-0.20,0.36,0.14,
MWP1G348920-000100S,,348.92,-0.01,0.52,0.14,2
MWP1G349210000800S,,349.21,+0.08,0.53,0.14,
MWP1G351260001600S,,351.26,+0.16,0.36,0.14,
MWP1G351830-003700S,,351.83,-0.37,0.58,0.14,2
MWP1G358390-004600S,,358.39,-0.46,0.34,0.14,2
MWP1G359350-004200S,,359.35,-0.42,0.55,0.14,2
MWP1G000310-002100S,,000.31,-0.21,0.54,0.13,
MWP1G001870-003800S,,001.87,-0.38,0.32,0.13,
MWP1G001990-006800S,,001.99,-0.68,0.32,0.13,
MWP1G002940001200S,,002.94,+0.12,0.34,0.13,
MWP1G003320-000300S,,003.32,-0.03,0.59,0.13,2
MWP1G005580004100S,,005.58,+0.41,0.38,0.13,
MWP1G008090000700S,,008.09,+0.07,0.33,0.13,
MWP1G010470000300S,,010.47,+0.03,0.52,0.13,
MWP1G010890-000500S,,010.89,-0.05,0.44,0.13,2
MWP1G011170-000600S,,011.17,-0.06,0.35,0.13,
MWP1G012380000000S,,012.38,+0.00,0.32,0.13,
MWP1G012790-003300S,,012.79,-0.33,0.36,0.13,
MWP1G013960-001500S,,013.96,-0.15,0.41,0.13,2
MWP1G013990-002800S,,013.99,-0.28,0.39,0.13,
MWP1G016080002400S,,016.08,+0.24,0.60,0.13,
MWP1G017680-006600S,,017.68,-0.66,0.47,0.13,2
MWP1G018390001400S,,018.39,+0.14,0.32,0.13,
MWP1G019340-001700S,N24,019.34,-0.17,0.38,0.13,
MWP1G019630-006400S,,019.63,-0.64,0.32,0.13,
MWP1G019970004200S,,019.97,+0.42,0.60,0.13,2
MWP1G020080-001400S,,020.08,-0.14,0.67,0.13,
MWP1G021240-001600S,,021.24,-0.16,0.36,0.13,
MWP1G021490-001600S,,021.49,-0.16,0.34,0.13,
MWP1G022480-000400S,,022.48,-0.04,0.39,0.13,
MWP1G023140-004800S,,023.14,-0.48,0.32,0.13,
MWP1G023290-004600S,,023.29,-0.46,0.37,0.13,2
MWP1G024750003700S,,024.75,+0.37,0.33,0.13,
MWP1G025660-000200S,,025.66,-0.02,0.33,0.13,
MWP1G026430007300S,,026.43,+0.73,0.34,0.13,
MWP1G026480-006200S,,026.48,-0.62,0.32,0.13,2
MWP1G027960-004300S,,027.96,-0.43,0.70,0.13,
MWP1G028290000100S,,028.29,+0.01,0.34,0.13,
MWP1G028600-003800S,,028.60,-0.38,0.39,0.13,2
MWP1G029490-001800S,,029.49,-0.18,0.42,0.13,
MWP1G030020-000400S,,030.02,-0.04,0.79,0.13,2
MWP1G030540000300S,,030.54,+0.03,0.55,0.13,2
MWP1G030700-003700S,,030.70,-0.37,0.53,0.13,
MWP1G030800002000S,,030.80,+0.20,0.41,0.13,2
MWP1G030830-001200S,,030.83,-0.12,0.36,0.13,
MWP1G031040000200S,,031.04,+0.02,0.32,0.13,
MWP1G031090002000S,,031.09,+0.20,0.37,0.13,
MWP1G031430-001400S,,031.43,-0.14,0.38,0.13,2
MWP1G032150-002800S,,032.15,-0.28,0.34,0.13,2
MWP1G032580-000800S,,032.58,-0.08,0.37,0.13,
MWP1G032690000500S,,032.69,+0.05,0.34,0.13,
MWP1G032790002100S,,032.79,+0.21,0.56,0.13,2
MWP1G033400003700S,,033.40,+0.37,0.45,0.13,
MWP1G034040000500S,,034.04,+0.05,0.47,0.13,
MWP1G034240001200S,,034.24,+0.12,0.35,0.13,2
MWP1G034490-001800S,N63,034.49,-0.18,0.43,0.13,2
MWP1G036390003900S,N69,036.39,+0.39,0.34,0.13,
MWP1G036820000100S,,036.82,+0.01,0.35,0.13,
MWP1G039520-000100S,,039.52,-0.01,0.33,0.13,
MWP1G039530-004600S,,039.53,-0.46,0.54,0.13,2
MWP1G039580000100S,,039.58,+0.01,0.35,0.13,
MWP1G040770-001100S,,040.77,-0.11,0.34,0.13,2
MWP1G041070000300S,,041.07,+0.03,0.37,0.13,
MWP1G041080000300S,,041.08,+0.03,0.41,0.13,
MWP1G041860-009400S,N81,041.86,-0.94,0.36,0.13,
MWP1G042180002500S,,042.18,+0.25,0.37,0.13,
MWP1G043150001000S,,043.15,+0.10,0.32,0.13,
MWP1G046110002900S,,046.11,+0.29,0.34,0.13,
MWP1G046120003900S,,046.12,+0.39,0.32,0.13,
MWP1G046210005500S,,046.21,+0.55,0.41,0.13,2
MWP1G049420003200S,,049.42,+0.32,0.44,0.13,
MWP1G052380-008500S,,052.38,-0.85,0.53,0.13,
MWP1G296420-006600S,,296.42,-0.66,0.37,0.13,
MWP1G302390002800S,,302.39,+0.28,0.70,0.13,
MWP1G303940-006800S,,303.94,-0.68,0.41,0.13,2
MWP1G305830-001900S,,305.83,-0.19,0.34,0.13,
MWP1G307540007500S,,307.54,+0.75,0.47,0.13,
MWP1G310560-001900S,,310.56,-0.19,0.52,0.13,2
MWP1G311600-006300S,,311.60,-0.63,0.60,0.13,2
MWP1G311840-007500S,,311.84,-0.75,0.32,0.13,
MWP1G312030-006200S,,312.03,-0.62,0.33,0.13,
MWP1G312850-003700S,,312.85,-0.37,0.32,0.13,
MWP1G314570-003600S,,314.57,-0.36,0.63,0.13,2
MWP1G315870002200S,,315.87,+0.22,0.32,0.13,
MWP1G315870002400S,,315.87,+0.24,0.32,0.13,
MWP1G317010003700S,,317.01,+0.37,0.53,0.13,2
MWP1G318070-001900S,,318.07,-0.19,0.32,0.13,
MWP1G318520-004100S,,318.52,-0.41,0.33,0.13,
MWP1G320330-003100S,,320.33,-0.31,0.44,0.13,2
MWP1G320350-002200S,,320.35,-0.22,0.37,0.13,2
MWP1G321640-002100S,,321.64,-0.21,0.34,0.13,
MWP1G324160002200S,,324.16,+0.22,0.39,0.13,
MWP1G324170004300S,,324.17,+0.43,0.41,0.13,
MWP1G324200-008900S,,324.20,-0.89,0.42,0.13,
MWP1G324210001200S,,324.21,+0.12,0.44,0.13,2
MWP1G328130000300S,,328.13,+0.03,0.51,0.13,
MWP1G328140006600S,,328.14,+0.66,0.46,0.13,2
MWP1G329230-002800S,,329.23,-0.28,0.42,0.13,2
MWP1G329820001300S,,329.82,+0.13,0.42,0.13,2
MWP1G331170-004600S,,331.17,-0.46,0.85,0.13,2
MWP1G331190-004700S,,331.19,-0.47,0.35,0.13,2
MWP1G332230-000500S,,332.23,-0.05,0.46,0.13,
MWP1G332290-001000S,,332.29,-0.10,0.50,0.13,2
MWP1G332580-005600S,,332.58,-0.56,0.64,0.13,2
MWP1G333590000700S,,333.59,+0.07,0.34,0.13,
MWP1G338960007300S,,338.96,+0.73,0.35,0.13,2
MWP1G339760000500S,,339.76,+0.05,0.50,0.13,
MWP1G340430001300S,,340.43,+0.13,0.32,0.13,
MWP1G340630-001100S,,340.63,-0.11,0.33,0.13,
MWP1G341700000500S,,341.70,+0.05,0.68,0.13,2
MWP1G342120004900S,,342.12,+0.49,0.51,0.13,2
MWP1G345520002600S,,345.52,+0.26,0.38,0.13,
MWP1G346080-002700S,,346.08,-0.27,0.53,0.13,
MWP1G346270002800S,,346.27,+0.28,0.32,0.13,
MWP1G346850002900S,,346.85,+0.29,0.41,0.13,
MWP1G347630002100S,,347.63,+0.21,0.38,0.13,2
MWP1G348380000800S,,348.38,+0.08,0.48,0.13,2
MWP1G350190000300S,,350.19,+0.03,0.32,0.13,2
MWP1G350390002000S,,350.39,+0.20,0.32,0.13,
MWP1G351050-003900S,,351.05,-0.39,0.34,0.13,
MWP1G351830-001700S,,351.83,-0.17,0.43,0.13,
MWP1G355170-000600S,,355.17,-0.06,0.43,0.13,
MWP1G355170-000500S,,355.17,-0.05,0.48,0.13,
MWP1G356340-000900S,,356.34,-0.09,0.40,0.13,
MWP1G356420-001400S,,356.42,-0.14,0.41,0.13,
MWP1G356430-001500S,,356.43,-0.15,0.38,0.13,
MWP1G357910-003300S,,357.91,-0.33,0.61,0.13,2
MWP1G002450001400S,,002.45,+0.14,0.65,0.12,2
MWP1G002680001400S,,002.68,+0.14,0.47,0.12,
MWP1G002960-000500S,,002.96,-0.05,0.62,0.12,2
MWP1G003670-001000S,,003.67,-0.10,0.36,0.12,
MWP1G005080000000S,,005.08,+0.00,0.32,0.12,
MWP1G005810-004200S,,005.81,-0.42,0.36,0.12,
MWP1G006120-006200S,,006.12,-0.62,0.54,0.12,
MWP1G006370-000500S,,006.37,-0.05,0.46,0.12,2
MWP1G007500004000S,,007.50,+0.40,0.46,0.12,
MWP1G008120001300S,,008.12,+0.13,0.50,0.12,2
MWP1G008430-002800S,,008.43,-0.28,0.50,0.12,
MWP1G008930001800S,,008.93,+0.18,0.32,0.12,
MWP1G010320-002600S,,010.32,-0.26,0.42,0.12,2
MWP1G010630-003900S,N2,010.63,-0.39,0.32,0.12,
MWP1G012160-001400S,,012.16,-0.14,0.42,0.12,
MWP1G012560000000S,,012.56,+0.00,0.35,0.12,
MWP1G012580000800S,,012.58,+0.08,0.49,0.12,2
MWP1G012720006900S,,012.72,+0.69,0.37,0.12,
MWP1G013340-003200S,,013.34,-0.32,0.38,0.12,2
MWP1G017470-002300S,,017.47,-0.23,0.52,0.12,2
MWP1G017590000900S,,017.59,+0.09,0.39,0.12,2
MWP1G018670000300S,,018.67,+0.03,0.32,0.12,
MWP1G023900000700S,,023.90,+0.07,0.64,0.12,2
MWP1G028220003600S,,028.22,+0.36,0.57,0.12,
MWP1G028420002400S,,028.42,+0.24,0.32,0.12,
MWP1G028790004800S,,028.79,+0.48,0.56,0.12,2
MWP1G028790002400S,,028.79,+0.24,0.53,0.12,2
MWP1G029240002600S,,029.24,+0.26,0.42,0.12,2
MWP1G029630-002000S,,029.63,-0.20,0.36,0.12,
MWP1G030020006600S,,030.02,+0.66,0.41,0.12,
MWP1G030790002000S,,030.79,+0.20,0.41,0.12,2
MWP1G032130009000S,,032.13,+0.90,0.35,0.12,
MWP1G034320000100S,,034.32,+0.01,0.35,0.12,
MWP1G034440000600S,N63,034.44,+0.06,0.37,0.12,2
MWP1G034680000600S,N63,034.68,+0.06,0.44,0.12,
MWP1G034690000700S,N63,034.69,+0.07,0.55,0.12,
MWP1G035360-007500S,,035.36,-0.75,0.34,0.12,
MWP1G037590-000400S,,037.59,-0.04,0.42,0.12,
MWP1G037660-003300S,,037.66,-0.33,0.34,0.12,
MWP1G037670-003200S,,037.67,-0.32,0.35,0.12,
MWP1G037780003600S,,037.78,+0.36,0.46,0.12,
MWP1G038190-001400S,N71,038.19,-0.14,0.33,0.12,
MWP1G039360-003300S,,039.36,-0.33,0.36,0.12,
MWP1G039510006300S,,039.51,+0.63,0.35,0.12,
MWP1G043580005100S,,043.58,+0.51,0.47,0.12,
MWP1G044910-006400S,,044.91,-0.64,0.50,0.12,
MWP1G044920-006700S,,044.92,-0.67,0.48,0.12,
MWP1G045610-000700S,,045.61,-0.07,0.37,0.12,
MWP1G046800-001200S,,046.80,-0.12,0.63,0.12,2
MWP1G047190003200S,,047.19,+0.32,0.47,0.12,2
MWP1G048870-005100S,,048.87,-0.51,0.37,0.12,
MWP1G049500-004700S,,049.50,-0.47,0.35,0.12,
MWP1G050000002600S,,050.00,+0.26,0.34,0.12,
MWP1G050240-005000S,,050.24,-0.50,0.42,0.12,2
MWP1G051330-002300S,N107,051.33,-0.23,0.34,0.12,
MWP1G052420005500S,N109,052.42,+0.55,0.34,0.12,
MWP1G052870-008200S,,052.87,-0.82,0.34,0.12,
MWP1G052890-008200S,,052.89,-0.82,0.40,0.12,
MWP1G299370-003200S,,299.37,-0.32,0.51,0.12,
MWP1G302990003500S,,302.99,+0.35,0.40,0.12,
MWP1G303320-007500S,,303.32,-0.75,0.48,0.12,
MWP1G304170002700S,,304.17,+0.27,0.37,0.12,
MWP1G307900-004600S,,307.90,-0.46,0.56,0.12,2
MWP1G307960000200S,,307.96,+0.02,0.39,0.12,
MWP1G309980005500S,,309.98,+0.55,0.46,0.12,
MWP1G310710002800S,,310.71,+0.28,0.35,0.12,
MWP1G310750003300S,,310.75,+0.33,0.36,0.12,
MWP1G310930001900S,,310.93,+0.19,0.39,0.12,
MWP1G311040003700S,,311.04,+0.37,0.34,0.12,
MWP1G311480003600S,,311.48,+0.36,0.72,0.12,2
MWP1G311570002400S,,311.57,+0.24,0.40,0.12,2
MWP1G313700-005500S,,313.70,-0.55,0.60,0.12,
MWP1G313920-003200S,,313.92,-0.32,0.35,0.12,
MWP1G316290-002600S,,316.29,-0.26,0.63,0.12,
MWP1G316340-004500S,,316.34,-0.45,0.53,0.12,2
MWP1G316690-003400S,,316.69,-0.34,0.33,0.12,
MWP1G318090-001400S,,318.09,-0.14,0.33,0.12,
MWP1G318220-004600S,,318.22,-0.46,0.32,0.12,
MWP1G318390-007300S,,318.39,-0.73,0.33,0.12,
MWP1G319930001800S,,319.93,+0.18,0.35,0.12,
MWP1G320420001000S,,320.42,+0.10,0.52,0.12,2
MWP1G322360000300S,,322.36,+0.03,0.40,0.12,
MWP1G324270-002400S,,324.27,-0.24,0.38,0.12,
MWP1G325080-003200S,,325.08,-0.32,0.46,0.12,2
MWP1G326550001700S,,326.55,+0.17,0.37,0.12,
MWP1G326560001800S,,326.56,+0.18,0.34,0.12,
MWP1G327110005400S,,327.11,+0.54,0.40,0.12,
MWP1G327780-006600S,,327.78,-0.66,0.45,0.12,2
MWP1G328170003500S,,328.17,+0.35,0.35,0.12,
MWP1G328810003400S,,328.81,+0.34,0.33,0.12,2
MWP1G330450-002100S,,330.45,-0.21,0.36,0.12,
MWP1G331180-005400S,,331.18,-0.54,0.78,0.12,2
MWP1G332610-008300S,,332.61,-0.83,0.44,0.12,2
MWP1G333200-000700S,,333.20,-0.07,0.33,0.12,2
MWP1G333680-004400S,,333.68,-0.44,0.38,0.12,2
MWP1G334110003800S,,334.11,+0.38,0.35,0.12,
MWP1G334340000500S,,334.34,+0.05,0.48,0.12,
MWP1G334420-002200S,,334.42,-0.22,0.40,0.12,2
MWP1G334450-007300S,,334.45,-0.73,0.36,0.12,
MWP1G335440-005200S,,335.44,-0.52,0.32,0.12,
MWP1G336990001100S,,336.99,+0.11,0.38,0.12,
MWP1G337600005100S,,337.60,+0.51,0.43,0.12,
MWP1G338330-002900S,,338.33,-0.29,0.63,0.12,2
MWP1G338430-002100S,,338.43,-0.21,0.38,0.12,
MWP1G340390-000400S,,340.39,-0.04,0.42,0.12,
MWP1G340540001300S,,340.54,+0.13,0.57,0.12,2
MWP1G343320004400S,,343.32,+0.44,0.56,0.12,2
MWP1G345230-005600S,S13,345.23,-0.56,0.37,0.12,
MWP1G345250-006000S,S13,345.25,-0.60,0.40,0.12,
MWP1G347130002800S,,347.13,+0.28,0.45,0.12,2
MWP1G347320000600S,,347.32,+0.06,0.38,0.12,2
MWP1G347780002800S,,347.78,+0.28,0.32,0.12,
MWP1G348150002500S,,348.15,+0.25,0.58,0.12,2
MWP1G348340001400S,,348.34,+0.14,0.32,0.12,2
MWP1G348520003700S,,348.52,+0.37,0.42,0.12,
MWP1G349990002500S,,349.99,+0.25,0.33,0.12,
MWP1G350240000600S,,350.24,+0.06,0.35,0.12,
MWP1G352280-002300S,,352.28,-0.23,0.33,0.12,
MWP1G352390-003900S,,352.39,-0.39,0.46,0.12,
MWP1G353050-000200S,,353.05,-0.02,0.42,0.12,2
MWP1G354350001400S,,354.35,+0.14,0.44,0.12,
MWP1G354710002900S,,354.71,+0.29,0.51,0.12,
MWP1G356460000100S,,356.46,+0.01,0.34,0.12,
MWP1G358950-000200S,,358.95,-0.02,0.42,0.12,
MWP1G359270-000400S,,359.27,-0.04,0.50,0.12,2
MWP1G359740-005900S,,359.74,-0.59,0.38,0.12,
MWP1G000500-007900S,,000.50,-0.79,0.32,0.11,
MWP1G000570001300S,,000.57,+0.13,0.36,0.11,
MWP1G001060-002300S,,001.06,-0.23,0.56,0.11,2
MWP1G005900-003600S,,005.90,-0.36,0.36,0.11,2
MWP1G006040003100S,,006.04,+0.31,0.32,0.11,
MWP1G007010007300S,,007.01,+0.73,0.40,0.11,
MWP1G007070-000800S,,007.07,-0.08,0.39,0.11,
MWP1G008140-003800S,,008.14,-0.38,0.44,0.11,2
MWP1G008180-000100S,,008.18,-0.01,0.32,0.11,
MWP1G008900005700S,,008.90,+0.57,0.37,0.11,
MWP1G009600001700S,,009.60,+0.17,0.49,0.11,2
MWP1G010680-000300S,,010.68,-0.03,0.37,0.11,
MWP1G010960000300S,,010.96,+0.03,0.33,0.11,2
MWP1G011110-004100S,,011.11,-0.41,0.40,0.11,
MWP1G011140000500S,,011.14,+0.05,0.32,0.11,
MWP1G011160000600S,,011.16,+0.06,0.43,0.11,
MWP1G012330-001200S,,012.33,-0.12,0.70,0.11,2
MWP1G012500000700S,,012.50,+0.07,0.32,0.11,
MWP1G012610001100S,,012.61,+0.11,0.37,0.11,
MWP1G012680-001800S,,012.68,-0.18,0.56,0.11,2
MWP1G012850-003100S,,012.85,-0.31,0.38,0.11,
MWP1G012910005100S,,012.91,+0.51,0.43,0.11,
MWP1G012970000600S,,012.97,+0.06,0.36,0.11,
MWP1G013060-002200S,,013.06,-0.22,0.33,0.11,
MWP1G014630-002600S,,014.63,-0.26,0.47,0.11,
MWP1G015070-001200S,,015.07,-0.12,0.56,0.11,2
MWP1G017460-002000S,,017.46,-0.20,0.38,0.11,
MWP1G018630003100S,,018.63,+0.31,0.69,0.11,2
MWP1G018910-006300S,N24,018.91,-0.63,0.33,0.11,
MWP1G020300-002100S,,020.30,-0.21,0.37,0.11,
MWP1G020320000700S,,020.32,+0.07,0.66,0.11,2
MWP1G021480-001500S,,021.48,-0.15,0.57,0.11,
MWP1G021990001100S,,021.99,+0.11,0.34,0.11,
MWP1G022860004200S,,022.86,+0.42,0.37,0.11,
MWP1G022870008100S,,022.87,+0.81,0.41,0.11,
MWP1G022980-003700S,,022.98,-0.37,0.33,0.11,2
MWP1G023060001000S,,023.06,+0.10,0.47,0.11,
MWP1G023820-002200S,,023.82,-0.22,0.32,0.11,
MWP1G023860003100S,,023.86,+0.31,0.35,0.11,
MWP1G027370-001600S,,027.37,-0.16,0.54,0.11,
MWP1G028140000000S,,028.14,+0.00,0.32,0.11,
MWP1G028650000300S,,028.65,+0.03,0.38,0.11,
MWP1G029220000500S,,029.22,+0.05,0.33,0.11,
MWP1G029330-002800S,,029.33,-0.28,0.44,0.11,
MWP1G029600-006200S,,029.60,-0.62,0.39,0.11,
MWP1G030000-002700S,,030.00,-0.27,0.32,0.11,
MWP1G030210004800S,,030.21,+0.48,0.41,0.11,
MWP1G030540000200S,,030.54,+0.02,0.61,0.11,2
MWP1G032090-005000S,,032.09,-0.50,0.57,0.11,2
MWP1G032460002200S,,032.46,+0.22,0.32,0.11,
MWP1G032600-002500S,,032.60,-0.25,0.40,0.11,
MWP1G032860-004100S,,032.86,-0.41,0.41,0.11,2
MWP1G032950-003800S,N59,032.95,-0.38,0.38,0.11,
MWP1G033050000700S,N59,033.05,+0.07,0.41,0.11,
MWP1G033130-000900S,N59,033.13,-0.09,0.34,0.11,2
MWP1G033210-000100S,N59,033.21,-0.01,0.36,0.11,2
MWP1G033370-002900S,N59,033.37,-0.29,0.38,0.11,
MWP1G033700000500S,,033.70,+0.05,0.57,0.11,2
MWP1G033810-001900S,,033.81,-0.19,0.58,0.11,
MWP1G034200001000S,,034.20,+0.10,0.40,0.11,
MWP1G034820003300S,,034.82,+0.33,0.45,0.11,2
MWP1G035420-008700S,,035.42,-0.87,0.32,0.11,
MWP1G035580000400S,,035.58,+0.04,0.42,0.11,
MWP1G036780-002100S,,036.78,-0.21,0.52,0.11,2
MWP1G036850-001400S,,036.85,-0.14,0.58,0.11,2
MWP1G036890-001300S,,036.89,-0.13,0.34,0.11,
MWP1G037490005100S,,037.49,+0.51,0.36,0.11,2
MWP1G037640-001100S,,037.64,-0.11,0.36,0.11,2
MWP1G037820-003800S,,037.82,-0.38,0.53,0.11,2
MWP1G037830-005900S,,037.83,-0.59,0.39,0.11,2
MWP1G038630008100S,,038.63,+0.81,0.62,0.11,2
MWP1G038750-005200S,,038.75,-0.52,0.54,0.11,
MWP1G038760-005300S,,038.76,-0.53,0.52,0.11,
MWP1G038870000600S,,038.87,+0.06,0.32,0.11,
MWP1G038930002900S,,038.93,+0.29,0.46,0.11,
MWP1G039100005300S,,039.10,+0.53,0.44,0.11,2
MWP1G039490-004100S,,039.49,-0.41,0.70,0.11,2
MWP1G039540008700S,,039.54,+0.87,0.68,0.11,2
MWP1G041050-006900S,,041.05,-0.69,0.33,0.11,
MWP1G041350-001400S,,041.35,-0.14,0.32,0.11,2
MWP1G041610-002700S,N81,041.61,-0.27,0.53,0.11,2
MWP1G043100-000500S,,043.10,-0.05,0.32,0.11,2
MWP1G043110000200S,,043.11,+0.02,0.72,0.11,2
MWP1G043300004400S,,043.30,+0.44,0.38,0.11,
MWP1G044250003800S,,044.25,+0.38,0.47,0.11,
MWP1G044530-001100S,N91,044.53,-0.11,0.35,0.11,
MWP1G044580-002000S,,044.58,-0.20,0.56,0.11,
MWP1G045810-003500S,,045.81,-0.35,0.42,0.11,
MWP1G046000-001100S,,046.00,-0.11,0.33,0.11,
MWP1G047100004800S,,047.10,+0.48,0.64,0.11,
MWP1G047740005600S,,047.74,+0.56,0.35,0.11,2
MWP1G047840000700S,,047.84,+0.07,0.43,0.11,
MWP1G050830008200S,,050.83,+0.82,0.57,0.11,
MWP1G051040-002600S,N107,051.04,-0.26,0.41,0.11,2
MWP1G051650-009100S,,051.65,-0.91,0.33,0.11,
MWP1G051670007200S,N109,051.67,+0.72,0.38,0.11,
MWP1G052210-004900S,,052.21,-0.49,0.58,0.11,2
MWP1G052220-005100S,,052.22,-0.51,0.37,0.11,2
MWP1G296270-003900S,,296.27,-0.39,0.60,0.11,
MWP1G296440-006500S,,296.44,-0.65,0.41,0.11,
MWP1G297450-007400S,,297.45,-0.74,0.32,0.11,
MWP1G297530-008300S,,297.53,-0.83,0.57,0.11,
MWP1G298280007400S,,298.28,+0.74,0.61,0.11,
MWP1G298350-000500S,,298.35,-0.05,0.47,0.11,
MWP1G300200-004100S,,300.20,-0.41,0.32,0.11,2
MWP1G301840-008800S,,301.84,-0.88,0.41,0.11,
MWP1G302740-006200S,,302.74,-0.62,0.59,0.11,2
MWP1G303140-008800S,,303.14,-0.88,0.41,0.11,2
MWP1G303570-006700S,,303.57,-0.67,0.35,0.11,2
MWP1G304090003200S,,304.09,+0.32,0.38,0.11,
MWP1G304580005800S,,304.58,+0.58,0.35,0.11,
MWP1G305200000100S,,305.20,+0.01,0.37,0.11,2
MWP1G305620-003400S,,305.62,-0.34,0.45,0.11,
MWP1G305800000200S,,305.80,+0.02,0.55,0.11,2
MWP1G307410-007100S,,307.41,-0.71,0.39,0.11,2
MWP1G310380-003000S,,310.38,-0.30,0.32,0.11,
MWP1G311100-003400S,,311.10,-0.34,0.63,0.11,
MWP1G311430006200S,,311.43,+0.62,0.32,0.11,2
MWP1G311540003200S,,311.54,+0.32,0.60,0.11,2
MWP1G311580002400S,,311.58,+0.24,0.35,0.11,
MWP1G312300006700S,,312.30,+0.67,0.35,0.11,
MWP1G312550-002800S,,312.55,-0.28,0.35,0.11,
MWP1G313180-002800S,,313.18,-0.28,0.35,0.11,
MWP1G313900-004300S,,313.90,-0.43,0.34,0.11,
MWP1G314660002700S,,314.66,+0.27,0.70,0.11,2
MWP1G315110-004500S,,315.11,-0.45,0.43,0.11,
MWP1G315850-003600S,,315.85,-0.36,0.50,0.11,
MWP1G317800-000500S,,317.80,-0.05,0.32,0.11,
MWP1G319490006200S,,319.49,+0.62,0.44,0.11,
MWP1G319870-003500S,,319.87,-0.35,0.40,0.11,
MWP1G319990003700S,,319.99,+0.37,0.36,0.11,
MWP1G323170003800S,,323.17,+0.38,0.32,0.11,
MWP1G323750004400S,,323.75,+0.44,0.40,0.11,
MWP1G323890001200S,,323.89,+0.12,0.59,0.11,2
MWP1G324610002200S,,324.61,+0.22,0.40,0.11,
MWP1G325450004800S,,325.45,+0.48,0.36,0.11,
MWP1G328070005900S,,328.07,+0.59,0.32,0.11,
MWP1G329090-003100S,,329.09,-0.31,0.60,0.11,2
MWP1G329470-003100S,,329.47,-0.31,0.32,0.11,
MWP1G329470002100S,,329.47,+0.21,0.53,0.11,2
MWP1G329570-003100S,,329.57,-0.31,0.65,0.11,
MWP1G329600000600S,,329.60,+0.06,0.67,0.11,2
MWP1G330230003000S,,330.23,+0.30,0.41,0.11,
MWP1G330660003600S,,330.66,+0.36,0.32,0.11,
MWP1G331600-001100S,,331.60,-0.11,0.37,0.11,
MWP1G332470-001600S,,332.47,-0.16,0.42,0.11,
MWP1G332550002500S,,332.55,+0.25,0.59,0.11,2
MWP1G332630-007700S,,332.63,-0.77,0.50,0.11,2
MWP1G332840-005400S,,332.84,-0.54,0.70,0.11,2
MWP1G333010007200S,,333.01,+0.72,0.33,0.11,
MWP1G334020-000600S,,334.02,-0.06,0.35,0.11,
MWP1G334220-001500S,,334.22,-0.15,0.43,0.11,
MWP1G337050000000S,,337.05,+0.00,0.44,0.11,
MWP1G337380-003900S,,337.38,-0.39,0.32,0.11,
MWP1G337580-000700S,,337.58,-0.07,0.38,0.11,
MWP1G337680-001300S,,337.68,-0.13,0.37,0.11,
MWP1G338080-000300S,,338.08,-0.03,0.38,0.11,
MWP1G338330001500S,,338.33,+0.15,0.34,0.11,2
MWP1G338360-008600S,,338.36,-0.86,0.47,0.11,
MWP1G338560-006400S,,338.56,-0.64,0.33,0.11,
MWP1G339050-003200S,,339.05,-0.32,0.39,0.11,
MWP1G339590005300S,,339.59,+0.53,0.44,0.11,
MWP1G339890002300S,,339.89,+0.23,0.34,0.11,
MWP1G340280-000700S,,340.28,-0.07,0.37,0.11,
MWP1G340460-005600S,,340.46,-0.56,0.64,0.11,2
MWP1G340660-005700S,,340.66,-0.57,0.35,0.11,
MWP1G340750-006000S,,340.75,-0.60,0.39,0.11,2
MWP1G342060-000600S,,342.06,-0.06,0.32,0.11,
MWP1G343180006300S,,343.18,+0.63,0.35,0.11,2
MWP1G344600001900S,,344.60,+0.19,0.39,0.11,
MWP1G344780-002100S,,344.78,-0.21,0.46,0.11,
MWP1G345210-005400S,S13,345.21,-0.54,0.53,0.11,2
MWP1G346080-000300S,,346.08,-0.03,0.42,0.11,
MWP1G346160-001400S,,346.16,-0.14,0.36,0.11,
MWP1G346600-000900S,,346.60,-0.09,0.41,0.11,
MWP1G346680001800S,,346.68,+0.18,0.39,0.11,
MWP1G347870-003100S,,347.87,-0.31,0.62,0.11,
MWP1G348290003800S,,348.29,+0.38,0.35,0.11,
MWP1G348390000700S,,348.39,+0.07,0.33,0.11,
MWP1G349360001200S,,349.36,+0.12,0.38,0.11,
MWP1G350110000300S,,350.11,+0.03,0.50,0.11,
MWP1G350270001200S,,350.27,+0.12,0.35,0.11,
MWP1G350340001200S,,350.34,+0.12,0.34,0.11,
MWP1G350390-000600S,,350.39,-0.06,0.40,0.11,2
MWP1G351280-002800S,,351.28,-0.28,0.58,0.11,
MWP1G351780-005500S,,351.78,-0.55,0.34,0.11,
MWP1G352090001600S,CS73,352.09,+0.16,0.32,0.11,
MWP1G353400-001000S,,353.40,-0.10,0.48,0.11,
MWP1G353890000500S,,353.89,+0.05,0.43,0.11,
MWP1G354160001100S,,354.16,+0.11,0.51,0.11,
MWP1G354170001200S,,354.17,+0.12,0.46,0.11,
MWP1G354360000000S,,354.36,+0.00,0.36,0.11,
MWP1G354900-002200S,,354.90,-0.22,0.45,0.11,2
MWP1G355660003800S,,355.66,+0.38,0.54,0.11,2
MWP1G358760-007700S,,358.76,-0.77,0.36,0.11,
MWP1G358880000600S,,358.88,+0.06,0.70,0.11,2
MWP1G359420000200S,,359.42,+0.02,0.32,0.11,
MWP1G359450-000200S,,359.45,-0.02,0.40,0.11,
MWP1G000560-008500S,,000.56,-0.85,0.56,0.10,2
MWP1G000690003200S,,000.69,+0.32,0.34,0.10,
MWP1G004050-000100S,,004.05,-0.01,0.45,0.10,
MWP1G005060-000400S,,005.06,-0.04,0.35,0.10,
MWP1G007510004000S,,007.51,+0.40,0.53,0.10,
MWP1G007530003900S,,007.53,+0.39,0.41,0.10,2
MWP1G008910001200S,,008.91,+0.12,0.36,0.10,
MWP1G009660005900S,,009.66,+0.59,0.64,0.10,2
MWP1G010620-003800S,,010.62,-0.38,0.46,0.10,
MWP1G014000-004200S,,014.00,-0.42,0.34,0.10,
MWP1G016320-001500S,,016.32,-0.15,0.39,0.10,2
MWP1G016500001200S,,016.50,+0.12,0.69,0.10,
MWP1G017550001600S,,017.55,+0.16,0.36,0.10,2
MWP1G018950-007800S,,018.95,-0.78,0.48,0.10,
MWP1G019360-000100S,,019.36,-0.01,0.77,0.10,2
MWP1G022630-004800S,,022.63,-0.48,0.34,0.10,
MWP1G023000-004100S,,023.00,-0.41,0.32,0.10,
MWP1G023440-002400S,,023.44,-0.24,0.53,0.10,2
MWP1G023990-000900S,,023.99,-0.09,0.42,0.10,2
MWP1G025720000600S,,025.72,+0.06,0.56,0.10,2
MWP1G028980002600S,,028.98,+0.26,0.36,0.10,
MWP1G029910-008000S,,029.91,-0.80,0.41,0.10,
MWP1G032270-002300S,,032.27,-0.23,0.72,0.10,
MWP1G032460001900S,,032.46,+0.19,0.45,0.10,2
MWP1G032930006000S,,032.93,+0.60,0.44,0.10,2
MWP1G034040001400S,,034.04,+0.14,0.45,0.10,2
MWP1G034200-005900S,N63,034.20,-0.59,0.52,0.10,2
MWP1G035280001500S,,035.28,+0.15,0.33,0.10,
MWP1G035850-000400S,,035.85,-0.04,0.32,0.10,
MWP1G037120000200S,,037.12,+0.02,0.66,0.10,
MWP1G037180-001900S,,037.18,-0.19,0.50,0.10,
MWP1G037320001700S,,037.32,+0.17,0.43,0.10,
MWP1G038090002800S,N71,038.09,+0.28,0.38,0.10,
MWP1G038800001000S,,038.80,+0.10,0.44,0.10,
MWP1G040570-000800S,,040.57,-0.08,0.39,0.10,
MWP1G040820-002200S,,040.82,-0.22,0.32,0.10,2
MWP1G041230001700S,,041.23,+0.17,0.62,0.10,2
MWP1G045580-005600S,,045.58,-0.56,0.32,0.10,
MWP1G045820-003300S,,045.82,-0.33,0.32,0.10,
MWP1G045920001800S,,045.92,+0.18,0.41,0.10,
MWP1G046070002200S,,046.07,+0.22,0.45,0.10,
MWP1G047940-003400S,,047.94,-0.34,0.40,0.10,
MWP1G049560006300S,,049.56,+0.63,0.36,0.10,2
MWP1G050020005900S,,050.02,+0.59,0.47,0.10,
MWP1G050030005800S,,050.03,+0.58,0.36,0.10,
MWP1G050270-004300S,,050.27,-0.43,0.54,0.10,2
MWP1G050310006600S,,050.31,+0.66,0.38,0.10,2
MWP1G050840003400S,N107,050.84,+0.34,0.41,0.10,
MWP1G051610-003700S,,051.61,-0.37,0.63,0.10,2
MWP1G296500-004400S,,296.50,-0.44,0.41,0.10,
MWP1G297460-007800S,,297.46,-0.78,0.34,0.10,
MWP1G298900001900S,,298.90,+0.19,0.35,0.10,2
MWP1G298900002200S,,298.90,+0.22,0.39,0.10,2
MWP1G303510-007200S,,303.51,-0.72,0.41,0.10,2
MWP1G304110-002100S,,304.11,-0.21,0.32,0.10,
MWP1G306540004800S,,306.54,+0.48,0.52,0.10,
MWP1G308650-005100S,,308.65,-0.51,0.38,0.10,
MWP1G310780-006100S,,310.78,-0.61,0.40,0.10,
MWP1G311470004000S,,311.47,+0.40,0.57,0.10,2
MWP1G311630-005000S,,311.63,-0.50,0.32,0.10,
MWP1G311690-002700S,,311.69,-0.27,0.37,0.10,
MWP1G311760-005400S,,311.76,-0.54,0.32,0.10,
MWP1G312620002800S,,312.62,+0.28,0.44,0.10,
MWP1G313680-003900S,,313.68,-0.39,0.40,0.10,
MWP1G315340-002300S,,315.34,-0.23,0.50,0.10,2
MWP1G315770-005300S,,315.77,-0.53,0.32,0.10,
MWP1G317500003400S,,317.50,+0.34,0.43,0.10,
MWP1G317750-006400S,,317.75,-0.64,0.39,0.10,
MWP1G318390-007200S,,318.39,-0.72,0.32,0.10,
MWP1G318510000100S,,318.51,+0.01,0.52,0.10,2
MWP1G318770-003700S,,318.77,-0.37,0.69,0.10,2
MWP1G319220002400S,,319.22,+0.24,0.37,0.10,2
MWP1G319780-002300S,,319.78,-0.23,0.40,0.10,
MWP1G320420001200S,,320.42,+0.12,0.41,0.10,2
MWP1G320510-003700S,,320.51,-0.37,0.66,0.10,2
MWP1G323940000400S,,323.94,+0.04,0.35,0.10,
MWP1G324190-001300S,,324.19,-0.13,0.50,0.10,
MWP1G325330002000S,,325.33,+0.20,0.32,0.10,
MWP1G326450-007600S,,326.45,-0.76,0.36,0.10,2
MWP1G328140006500S,,328.14,+0.65,0.39,0.10,2
MWP1G328560003700S,,328.56,+0.37,0.32,0.10,
MWP1G328570005800S,,328.57,+0.58,0.36,0.10,
MWP1G329400-004600S,,329.40,-0.46,0.39,0.10,2
MWP1G330290-003900S,,330.29,-0.39,0.34,0.10,2
MWP1G331130001100S,,331.13,+0.11,0.33,0.10,
MWP1G332210004500S,,332.21,+0.45,0.40,0.10,
MWP1G332220004500S,,332.22,+0.45,0.44,0.10,
MWP1G332230-000600S,,332.23,-0.06,0.37,0.10,
MWP1G333140-003900S,,333.14,-0.39,0.59,0.10,2
MWP1G334840002200S,,334.84,+0.22,0.71,0.10,2
MWP1G336880-000100S,,336.88,-0.01,0.38,0.10,
MWP1G337080-004800S,,337.08,-0.48,0.47,0.10,
MWP1G337240002300S,,337.24,+0.23,0.42,0.10,
MWP1G337590005100S,,337.59,+0.51,0.34,0.10,
MWP1G340050-002300S,,340.05,-0.23,0.65,0.10,2
MWP1G340880-003600S,,340.88,-0.36,0.44,0.10,2
MWP1G341460-002600S,,341.46,-0.26,0.38,0.10,
MWP1G343350-000700S,,343.35,-0.07,0.36,0.10,2
MWP1G343350-000800S,,343.35,-0.08,0.84,0.10,2
MWP1G343360-001000S,,343.36,-0.10,0.69,0.10,2
MWP1G344160005000S,,344.16,+0.50,0.48,0.10,
MWP1G344170002100S,,344.17,+0.21,0.37,0.10,
MWP1G345910000100S,,345.91,+0.01,0.32,0.10,2
MWP1G351920006400S,,351.92,+0.64,0.83,0.10,2
MWP1G352630003900S,,352.63,+0.39,0.32,0.10,
MWP1G353540-004600S,,353.54,-0.46,0.76,0.10,2
MWP1G355150-000600S,,355.15,-0.06,0.44,0.10,
MWP1G355530003600S,,355.53,+0.36,0.32,0.10,
MWP1G356470-000100S,,356.47,-0.01,0.38,0.10,
MWP1G357030-001100S,,357.03,-0.11,0.35,0.10,2
MWP1G357260-001200S,,357.26,-0.12,0.36,0.10,